sl_no,ministry_department,sector,project_name,agency,project_code,state,approval_date,start_date,target_doc,revised_doc,original_cost_cr,revised_cost_cr
1,Department for Promotion of Industry & Internal Trade,Real Estate,Orvakal Industrial Area,NICDC,617727,Andhra Pradesh,08/2024,10/2025,10/2028,-,2786,-
2,Department for Promotion of Industry & Internal Trade,Real Estate,Kopparthy Industrial Area,NICDC,617729,Andhra Pradesh,08/2024,10/2025,10/2028,-,2136,-
3,Department for Promotion of Industry & Internal Trade,Real Estate,Development of Palakkad Node under extension of CBIC to Kochi,National Industrial Corridor Development Corporation,701668,Kerala,08/2024,10/2025,04/2029,-,3805,-
4,Department for Promotion of Industry & Internal Trade,Real Estate,Development of Zaheerabad Node under Hyderabad Nagpur Industrial Corridor,National Industrial Corridor Development Corporation,601812,Telangana,08/2024,02/2026,01/2029,-,2360,-
5,Department for Promotion of Industry & Internal Trade,Real Estate,IMC at Prayagraj,National Industrial Corridor Development Corporation,707419,Uttar Pradesh,08/2024,04/2026,12/2028,-,658,-
6,Department of Higher Education,Education,Construction of IIT Bhubaneswar -Phase III,"Indian Institute of Technology, Bhubaneshwar",611961,Odisha,02/2024,05/2024,11/2026,-,454.27,-
7,Ministry of Coal,Coal,North Dhadu Western Part OCP,NLC India Limited [NLCIL],617764,Jharkhand,10/2023,12/2023,03/2029,-,1354.2,-
8,Ministry of Coal,Electricity Generation,810 MW Solar Power Project - Rajasthan,NLC India Limited [NLCIL],618981,Rajasthan,10/2024,09/2025,03/2028,-,4147.07,-
9,Ministry of Housing & Urban Affairs,Urban Public Transport,Bangalore Metro Rail Project - PHASE-3,Bengaluru Metro Rail,612878,Karnataka,06/2026,,05/2031,-,15611,-
10,Ministry of Housing & Urban Affairs,Waste & Water,Lucknow Sewerage Management Infrastructure Project,Ministry of Housing & Urban Affairs,702958,Uttar Pradesh,05/2019,,03/2023,05/2026,142.46,173.21
11,Ministry of Petroleum & Natural Gas,Energy Storage,Setting up of 50 MW [plus/minus 5 percent] Wind Power Plant for Captive Consumption at MR,MinistryofPetroleumNaturalGas,619313,Maharashtra,05/2023,05/2023,04/2027,04/2027,483.14,483.14
12,Ministry of Petroleum & Natural Gas,Oil & Gas,"Group Gathering Station, Lakwagaon",Ministry of Petroleum & Natural Gas,619316,Assam,10/2025,10/2025,10/2027,10/2027,495.59,495.59
13,Ministry of Petroleum & Natural Gas,Oil & Gas,Pipeline Replacement Project- PRP-IX,Ministry of Petroleum & Natural Gas,619314,Offshore,08/2025,08/2025,05/2027,-,6175,-
14,Ministry of Petroleum & Natural Gas,Oil & Gas,Bulk Loading Hub- Kanpur,MinistryofPetroleumNaturalGas,619312,Uttar Pradesh,09/2025,09/2025,09/2027,09/2027,186,186
15,Ministry of Power,Electricity Generation,Kalai-II Hydro Electric Project [1200 MW],THDC India Limited,619311,Arunachal Pradesh,04/2026,04/2026,10/2032,-,14105.83,-
16,Ministry of Power,Electricity Generation,700 MW Tato-II HE Project,North Eastern Electric Power Corporation Limited,611716,Arunachal Pradesh,09/2025,09/2025,09/2031,-,8146.21,-
17,Ministry of Power,Electricity Generation,"Darlipali Super Thermal Power Project, Stage-II [1x800 MW]",National Thermal Power Corporation [NTPC],619056,Odisha,11/2025,11/2025,01/2031,-,11131,-
18,Ministry of Power,Transmission & Distribution,Transmission system for evacuation of Power from REZ in Rajasthan [20 GW] under phase-III Part-D Phase-II,Power Grid Corporation of India Limited [POWERGRID],615336,Delhi,11/2023,10/2024,02/2026,12/2026,284,-
19,Ministry of Power,Transmission & Distribution,Transmission System Strengthening for integration of additional RE Potential at Davanagere [0.25 GW] and Bellary [2.75 GW],Power Grid Corporation of India Limited [POWERGRID],619228,Karnataka,02/2026,02/2026,02/2028,-,1111,-
20,Ministry of Power,Transmission & Distribution,Network Expansion Scheme in Maharashtra for removal of Transmission constraints in Pune Region-I [765/400kV AIS Pune East],Power Grid Corporation of India Limited [POWERGRID],619227,Maharashtra,03/2026,03/2026,03/2028,-,1420,-
21,Ministry of Railways,Railways,Doubling of Narkatiaganj Raxaul Sitamarhi Darbhanga & Sitamarhi Muzaffarpur 256 KM,East Central Railway [ECR] - I,617239,Bihar,11/2024,11/2025,11/2029,-,4079.95,-
22,Ministry of Railways,Railways,Chandargaon - Cansaulium Rail Flyover Project [16 Km],South Western Railway [SWR] - II,706865,Goa,04/2026,,03/2031,-,1892,-
23,Ministry of Railways,Railways,Desalpar-Hajipir-Luna and Vayor-Lakhpat New Line,Western Railway [WR] - II,617880,Gujarat,09/2025,09/2025,09/2028,-,2526.47,-
24,Ministry of Railways,Railways,Kosamba Umarpada GC PROJECT,Ministry of Railways-,616983,Gujarat,07/2023,07/2023,06/2027,-,467.58,-
25,Ministry of Railways,Railways,Parasnath-Madhuban-Giridih new line,East Central Railway [ECR] - I,705747,Jharkhand,03/2019,03/2019,03/2024,03/2026,902.86,-
26,Ministry of Railways,Railways,Construction of New BG line between Hassan [Alur] to Belur [ Km 27.34],South Western Railway [SWR] - II,705762,Karnataka,06/2019,09/2022,04/2027,12/2027,748.86,-
27,Ministry of Railways,Railways,Hubli-Ankola New Line Project [164.44 km],South Western Railway [SWR] - II,705493,Karnataka,01/1999,01/2000,03/2005,03/2030,5174,-
28,Ministry of Railways,Railways,Bangalore-Satyamanglam New Line Project [260 Km] - Part Hejjala - Chamarajanagar [142 Km],South Western Railway [SWR] - II,705464,Karnataka,02/1999,07/2026,12/2031,-,1382.78,-
29,Ministry of Railways,Railways,Gauge Conversion of Pachora-Jamner with Extension upto Malkapur [Bodwad] [84.34 Kms],Central Railway [CR] - II,612845,Maharashtra,08/2022,01/2026,07/2028,-,955.39,-
30,Ministry of Railways,Railways,Wardha - Yavatmal Nanded Railway Line Project,Central Railways,705497,Maharashtra,02/2008,04/2013,12/2026,-,3445.34,4030.69
31,Ministry of Railways,Railways,Byrnihat-Shillong New Rail Line- 108 km,Northeast Frontier Railway [NFR],705396,Meghalaya,04/2011,03/2010,03/2021,03/2027,8324.28,8342.28
32,Ministry of Railways,Railways,Tetlia-Byrnihat New Railway Line,Northeast Frontier Railway [NFR],705394,"Multi-States (Assam, Meghalaya)",08/2010,03/2007,11/2011,06/2027,1304.62,1304.62
33,Ministry of Railways,Railways,Rourkela-Bondamunda A-Cabin 5th line [9.6 km],CAO/C/SER,615915,Odisha,09/2022,12/2023,03/2026,-,244.99,-
34,Ministry of Railways,Railways,Naupada-Gunupur - New line upto Theruvali [73.62 km],Indian Railway,616839,Odisha,08/2024,04/2026,12/2029,-,1165.89,-
35,Ministry of Railways,Railways,Ludhiana Mullanpur 21Km Doubling Railway project,CAO/C/NR,607653,Punjab,10/2022,,06/2024,-,234.78,-
36,Ministry of Railways,Railways,Dedicated Test Track for RDSO /Phase-II Project,North Western Railway [NWR],706836,Rajasthan,11/2021,01/2022,03/2026,-,466.42,-
37,Ministry of Railways,Railways,Madurai- Tuticorin New Line,Ministry of Railways,705489,Tamil Nadu,04/2011,09/2016,07/2021,12/2027,601.43,2084.48
38,Ministry of Road Transport & Highways,Roads & Highways,4 L of China Orampadu-Renigunta section of NH-716 Package-II of Kadapa-Renigunta section,National Highways Authority of India [NHAI],619102,Andhra Pradesh,12/2022,03/2026,03/2028,03/2028,1500.11,-
39,Ministry of Road Transport & Highways,Roads & Highways,4L of Kadapa China Orampadu section of NH-716 Package I of Kadapa-Renigunta section,National Highways Authority of India [NHAI],618633,Andhra Pradesh,12/2022,03/2026,03/2028,03/2028,1732.66,-
40,Ministry of Road Transport & Highways,Roads & Highways,"lmprovement and Widening to 2 lane with paved Shoulder of NH-15 old NH-52 from Existing Km 770.600 Design Km 24.819 to Existing km 805.750 Design Km 59.885 Kamlang T-Junction to Chowkham, Existing Length 35.150 Km, Design Length-35.066 Km in the state of Arunachal Pradesh on EPC mode Pkg-2",NHIDCL,619014,Arunachal Pradesh,12/2023,02/2026,02/2028,-,316.73,-
41,Ministry of Road Transport & Highways,Roads & Highways,Muzaffarpur - Sonbarsa Section of NH-77 from km 2.800 to km 89.000,NHAI,619320,Bihar,05/2011,,11/2013,06/2026,2290.72,2311.1
42,Ministry of Road Transport & Highways,Roads & Highways,"Construction of 6-lane Greenfield corridor from Ramnagar to Kacchi Dargah NH-119D from Km 109700 to Km 122300, including widening of the existing NH-31 from Km 196700 to Km 198600, as part of the Amas-Darbhanga.",National Highways Authority of India [NHAI],618742,Bihar,01/2025,04/2026,04/2028,04/2028,1113.46,-
43,Ministry of Road Transport & Highways,Roads & Highways,Construction of four laning of Bakarpur- Manikpur road section starting from village Chitarsenpur km 0000 and terminating at SH-74 near Manikpur 38814 at NH-139W under Bharatmalapariyona,National Highways Authority of India [NHAI],618790,Bihar,03/2023,10/2024,04/2027,09/2027,1422.37,1537.99
44,Ministry of Road Transport & Highways,Roads & Highways,4L of Hajipur-Muzaffarpur Section of the existing NH-77 from Km. 0000 Ramashish Chowk to Km. 46300 and new bypass starting at Km. 46300 and connecting NH-28 of E-W Corridor at Km. 515045,NHAI,619317,Bihar,08/2010,,02/2013,05/2026,2723.39,2906.78
45,Ministry of Road Transport & Highways,Roads & Highways,Construction of missing link from Birhu to Lathiani from Km 35/550 Design chainage Km 0.000 to Km 42/800 Design Chainage Km 8.153on NH-503A including Lathiani Bridge on back water of Govindsagar and its approaches in Himachal Pradesh.,MoRTH,618253,Himachal Pradesh,06/2023,03/2026,03/2029,03/2029,870.95,896.86
46,Ministry of Road Transport & Highways,Roads & Highways,Construction of Chintamani Bypass from Design Ch.0000 Existing Ch.428880 to Design Ch.15400 Existing Ch.444010 on NH-69 in the State of Karnataka in EPC Mode under NHO Annual Plan 2022-23. NH-69-KNT-2022-23-989 dated 24.03.2023,MoRTH,617951,Karnataka,03/2023,01/2026,07/2027,07/2027,314.55,-
47,Ministry of Road Transport & Highways,Roads & Highways,Upgradation of Shahdol- Sagartola Section of NH 543 from km 0000 to km 69400 to 2 lane with paved shoulders under Hybrid Annuity Mode HAM in the State of Madhya Pradesh,MoRTH,618044,Madhya Pradesh,02/2024,03/2026,03/2028,-,851.4,-
48,Ministry of Road Transport & Highways,Roads & Highways,4L Vidisha Gyaraspur section of NH-146 from Design Chainage km 59475 existing chainage km 81240 to Design Chainage km 88361 existing chainage km 110.315,National Highways Authority of India [NHAI],618662,Madhya Pradesh,10/2024,03/2026,03/2028,03/2028,980.2,-
49,Ministry of Road Transport & Highways,Roads & Highways,Udgir Raavi Degloor Aadampur phata to Sagroli fata,MoRTH,617937,Maharashtra,11/2024,04/2026,04/2028,-,809.77,-
50,Ministry of Road Transport & Highways,Roads & Highways,"4L Godibandha to Ballhar Chhak, Ballhar Chhak to Banarpal & Banarpal to Start of Angul bypass at Km.314.130 to Km.321.035 of NH53, at Km.75.200 to Km.84.000 of NH149 & at Km.84.000 to Km.86.100 of NH55",National Highways Authority of India [NHAI],618705,Odisha,12/2024,02/2026,02/2028,02/2028,973.12,-
51,Ministry of Road Transport & Highways,Roads & Highways,4/6L Greenfield Ludhiana Rupnagar highway from Jn. with NE-5 village near to ManewalLudhiana to Jn. with NH-205 near Bheora Village Rupnagar from Km. 0.00 to Km. 37.7 including spur to Kharar with Ludhiana bypass of NH-205K Pkg-1,National Highways Authority of India [NHAI],619318,Punjab,05/2021,12/2022,12/2024,12/2027,1368.91,1382.48
52,Ministry of Road Transport & Highways,Roads & Highways,Construction of 4 lane Bypass to Nalgonda Town lrorn Km 000 Existing Ch. 181590 to Km 14.00 Existing Ch. 28/685 ol Nakrekal to Nagarjunsagar Section of NH -565 in the State of Telangara on EPC under Annual Plan 2024 -25,MoRTH,619253,Telangana,10/2024,10/2025,10/2027,-,516.17,-
53,Ministry of Road Transport & Highways,Roads & Highways,Upgradation to Two Lane with Paved Shoulders from Km 0.000 to Km 41.920 Green Field Alignment of Gowrelly to Valigonda Section of NH-930P in the State of Telangana on EPC Mode under Annual Plan 2022-23,MoRTH,619009,Telangana,11/2022,05/2026,04/2028,-,690.33,-
54,Ministry of Road Transport & Highways,Roads & Highways,"Improvement and up-gradation of NH-227B 84 Kosi Parikrama Marg PackageV, from Design Km.140.960 Patranga to Km.160.200 Bahuvan Madar Majha on EPC mode in the State of Uttar Pradesh",MoRTH,618114,Uttar Pradesh,03/2023,02/2026,08/2028,08/2028,1192.33,-
55,Ministry of Road Transport & Highways,Roads & Highways,Four laning of Agra-Aligarh Section from Km. 0.000 Junction of NH-34 Aligarh Km 144.60 to Km. 28.000 near Asroi village in Hathras of NH-509 Package-I,National Highways Authority of India [NHAI],618768,Uttar Pradesh,06/2024,03/2026,03/2028,11/2028,1309.08,-
