sl_no,ministry_department,sector,project_name,agency,project_code,legacy_ocms_code,pmgid,state,approval_date,start_date,target_doc,revised_doc,original_cost_cr,revised_cost_cr,cumulative_expenditure_cr,physical_progress_pct
1,Ministry of Civil Aviation,Aviation & Aviation Infrastructure,Guwahati Airport New Integrated Terminal Building Construction Project,Adani Airport Holdings Limited,706724,,,Assam,12/2016,03/2018,03/2025,06/2026,1712,2520,2627.39,98
2,Ministry of Civil Aviation,Aviation & Aviation Infrastructure,C/o NITB Imphal Airport,Airport Authority of India [AAI],706718,,,Manipur,11/2021,07/2022,07/2024,12/2026,499,499,201.99,50.69
3,Ministry of Civil Aviation,Aviation & Aviation Infrastructure,"Widening of basic strip at Western Side of Runway Chainage 80m to 920m i/c slope stabilization Measures [Balance work] of uphill and Improvement of Storm Water Drainage System at Pakyong Airport, Sikkim on design & build basis [EPC] with integrated 10 years maintenance.",Airport Authority of India [AAI],612793,,,Sikkim,11/2023,12/2023,06/2026,06/2027,323.26,323.26,80.84,34.25
4,Ministry of Coal,Coal,TIKAK EXTENSION OCP,MIS MoCoal Integration Logins,615820,,,Assam,07/2022,07/2022,07/2031,-,159.77,159.77,111.47,88.18
5,Ministry of Coal,Coal,TIRAP OCP,MIS MoCoal Integration Logins,615821,,,Assam,11/2022,11/2022,11/2030,-,289.46,289.46,105.61,3.26
6,Department of Higher Education,Education,Construction of Permanent Campus of National Institute of Technology Arunachal Pradesh,"National Institute of Technology, Arunachal Pradesh",612898,,,Arunachal Pradesh,09/2009,03/2013,08/2026,08/2024,592.61,592.61,551.3,80
7,Department of Higher Education,Education,Tezpur University Projects,Tezpur University,606112,,,Assam,05/2019,06/2021,11/2023,12/2025,153.71,153.71,137.84,97.7
8,Department of Higher Education,Education,Construction and Developement of National Institute of Technology Meghalaya Permanent Campus at Sohra,"National Institute of Technology, Meghalaya",612885,,,Meghalaya,09/2009,09/2014,03/2022,10/2026,494.52,429.7,368.98,95
9,Department of Higher Education,Education,"Construction of Permanent Campus for NIT Mizoram at Lengpui, Aizawl",NIT Mizoram,612876,,,Mizoram,09/2009,06/2014,12/2029,03/2022,474.23,474.23,167.55,4
10,Department of Higher Education,Education,Establishment of NIT Nagaland,NIT Nagaland,613013,,,Nagaland,09/2009,12/2014,12/2025,-,275.63,275.63,263.25,98
11,Department of Higher Education,Education,"Construction of Sikkim University Campus Phase-I Package-II at Yangang, South Sikkim",Sikkim University,609736,,,Sikkim,08/2020,01/2022,01/2025,03/2026,314.06,314.06,292,95
12,Department of Higher Education,Education,Establishment of Permanent Campus of NIT SIkkim at Khamdong-Gangtok District,NIT Sikkim,612883,,,Sikkim,02/2024,03/2024,02/2028,12/2026,685.76,610.76,283.56,34.5
13,Department of Sports,Education,"National Sports University [NSU], Imphal [Manipur]",Department of Sports & Youth Affairs,400081,,,Manipur,NA,01/2022,08/2024,08/2026,906.47,611.74,574.12,97
14,Ministry of Power,Electricity Generation,Dibang Multipurpose Project,National Hydroelectric Power Corporation Limited [NHPC],602182,,,Arunachal Pradesh,02/2023,02/2023,02/2032,02/2032,31876.39,31876.4,4593.04,17.43
15,Ministry of Power,Electricity Generation,Kalai-II Hydro Electric Project [1200 MW],THDC India Limited,619311,,,Arunachal Pradesh,04/2026,04/2026,10/2032,-,14105.83,14105.8,187.16,0
16,Ministry of Power,Electricity Generation,240MW Heo HE Project,North Eastern Electric Power Corporation Limited,611698,,,Arunachal Pradesh,12/2024,05/2025,07/2029,-,1938.85,1938.85,96.94,4.95
17,Ministry of Power,Electricity Generation,186 MW Tato-I H E Project,North Eastern Electric Power Corporation Limited,611699,,,Arunachal Pradesh,12/2024,05/2025,07/2029,-,1750.07,1750.07,73.91,5.04
18,Ministry of Power,Electricity Generation,700 MW Tato-II HE Project,North Eastern Electric Power Corporation Limited,611716,,,Arunachal Pradesh,09/2025,09/2025,09/2031,-,8146.21,8146.21,243.25,6.41
19,Ministry of Power,Electricity Generation,Subansiri Lower HE Project [2000 MW],National Hydroelectric Power Corporation Limited [NHPC],602096,,,"Multi-States (Assam, Arunachal Pradesh)",09/2003,01/2005,09/2010,05/2026,6285.33,26075.5,26150.32,97.64
20,Ministry of Power,Electricity Generation,"TEESTA-VI HE PROJECT, SIKKIM [500 MW], executed by LANCO TEESTA HYDRO POWER LIMITED [A wholly owned Subsidiary of NHPC LTD. acquired through NCLT]",National Hydroelectric Power Corporation Limited [NHPC],602181,,,Sikkim,03/2019,03/2020,03/2024,12/2027,5748.04,5748.04,4356.15,72.51
21,Ministry of Power,Electricity Generation,Rangit-IV HE Project [120 MW] executed by Jal Power Corporation Ltd. [JPCL] - A wholly owned subsidiary of NHPC Ltd. acquired through NCLT,National Hydroelectric Power Corporation Limited [NHPC],605156,,,Sikkim,03/2021,08/2021,05/2024,12/2025,938.29,1828.11,1625.93,96.53
22,Ministry of Power,Transmission & Distribution,North Eastern Region Expansion Scheme-XXIII [NERES-XXIII],Power Grid Corporation of India Limited [POWERGRID],617375,,,Arunachal Pradesh,08/2025,08/2025,02/2028,-,209.38,209.38,3.14,1.5
23,Ministry of Power,Transmission & Distribution,Comprehensive Scheme for Strengthening of Transmission and Distribution [T&D] Systems [CSST&DS] in Arunachal Pradesh and Sikkim,Power Grid Corporation of India Limited [POWERGRID],602223,,,"Multi-States (Arunachal Pradesh, Sikkim)",10/2014,10/2014,12/2018,03/2027,4754.42,9129.32,8069.4,83.4
24,Ministry of Power,Transmission & Distribution,NORTH EASTERN REGION POWER SYSTEM IMPROVEMENT PROJECT [NERPSIP],Power Grid Corporation of India Limited [POWERGRID],607709,,,"Multi-States (Mizoram, Manipur, Tripura, Assam, Meghalaya, Nagaland)",12/2014,03/2016,12/2018,03/2027,5111.33,6700,5577.75,98.5
25,Ministry of Petroleum & Natural Gas,Energy Storage,"Setting up of new rail fed POL facility at Kamardanga, Assam",Hindustan Petroleum Corporation Limited [HPCL],709755,,,Assam,03/2023,03/2023,07/2027,07/2027,384.04,384.04,216.85,82.4
26,Ministry of Petroleum & Natural Gas,Energy Storage,"Construction of LPG Facilities at Kamardanga, Assam",Hindustan Petroleum Corporation Limited,709754,,,Assam,03/2023,03/2023,07/2027,07/2027,156.36,156.36,102.07,75.5
27,Ministry of Petroleum & Natural Gas,Energy Storage,Paradip-Numaligarh Crude Oil Pipeline [PNCPL] & Crude Oil Import Terminal [COIT] at Paradip,Ministry of Petroleum & Natural Gas,701349,,,Assam,01/2019,01/2019,07/2024,10/2026,10228,11407,10912.42,92.4
28,Ministry of Petroleum & Natural Gas,Energy Storage,LPG Bottling Plant at Mualkhang,Ministry of Petroleum & Natural Gas,617829,,,Mizoram,07/2024,07/2024,10/2028,11/2027,225.71,225.71,22.78,32
29,Ministry of Petroleum & Natural Gas,Energy Storage,"Grass Root Rail-fed Depot at Sekerkote, Agartala as resitement of existing Dharmanagar Depot",Indian Oil Corporation Limited [IOCL],400035,,,Tripura,06/2022,06/2022,09/2025,06/2026,656,656,537.17,97
30,Ministry of Petroleum & Natural Gas,Oil & Gas,Power Recovery Turbine [PRT] in PFCCU unit as an Energy Conservation Scheme,NRL,709865,,,Assam,04/2023,04/2023,12/2024,09/2026,293.5,293.5,81.84,99
31,Ministry of Petroleum & Natural Gas,Oil & Gas,DCU Revamp Project,NRL,709864,,,Assam,08/2021,08/2021,07/2024,10/2026,370,370,281.31,76.3
32,Ministry of Petroleum & Natural Gas,Oil & Gas,Borholla GGS Life Extension Project [BLEP],Ministry of Petroleum & Natural Gas,709850,,,Assam,09/2023,09/2023,05/2026,09/2026,198.7,198.7,96.22,55.7
33,Ministry of Petroleum & Natural Gas,Oil & Gas,Pipeline Network Project Rudrasagar,Ministry of Petroleum & Natural Gas,709847,,,Assam,01/2023,01/2023,04/2026,04/2027,481.03,481.03,235.37,54.1
34,Ministry of Petroleum & Natural Gas,Oil & Gas,Numaligarh Refinery Expansion Project,Ministry of Petroleum & Natural Gas,604791,,,Assam,07/2020,07/2020,07/2024,03/2027,12366,22494,19522.33,84.6
35,Ministry of Petroleum & Natural Gas,Oil & Gas,Development of Surface Facilities for production and evacuation of Crude Oil and Natural Gas from Nadua and East Khagorija,Ministry of Petroleum & Natural Gas,604863,,,Assam,01/2018,01/2018,02/2020,06/2026,682.9,726.93,598.62,94.3
36,Ministry of Petroleum & Natural Gas,Oil & Gas,Capacity Expansion of Digboi Refinery from 0.65 to 1.0 MMTPA,MinistryofPetroleumNaturalGas,709779,,,Assam,06/2022,06/2022,03/2026,07/2027,768,740,174.5,56
37,Ministry of Petroleum & Natural Gas,Oil & Gas,"Guwahati Refinery Expansion [1.0 to 1.2 MMTPA] along with installation of CRU, Guwahati Refinery",Ministry of Petroleum & Natural Gas,607701,,,Assam,05/2021,05/2021,10/2023,05/2026,412.3,577,457.64,94.9
38,Ministry of Petroleum & Natural Gas,Oil & Gas,Augmentation/Revamping of Facilities at existing Guwahati Terminal at Betkuchi,MinistryofPetroleumNaturalGas,709776,,,Assam,04/2022,04/2022,09/2026,09/2026,277,323.09,226.36,81.2
39,Ministry of Petroleum & Natural Gas,Oil & Gas,"Construction of Field Gas Gathering Station at Baghjan area for collection, processing & transportation of natural Gas to be produced from Baghjan Field",Ministry of Petroleum & Natural Gas,616858,,,Assam,12/2020,12/2020,03/2024,06/2026,430.76,430.76,346.97,92.4
40,Ministry of Petroleum & Natural Gas,Oil & Gas,"Pipeline Rehabilitation Project, Phase-II",Ministry of Petroleum & Natural Gas,617827,,,Assam,12/2024,12/2024,12/2029,12/2029,680,680,8.19,24
41,Ministry of Petroleum & Natural Gas,Oil & Gas,Coke Drum Structure Package,Ministry of Petroleum & Natural Gas,617836,,,Assam,12/2022,12/2022,12/2025,09/2026,635.28,635.28,453.66,60.6
42,Ministry of Petroleum & Natural Gas,Oil & Gas,"Group Gathering Station, Lakwagaon",Ministry of Petroleum & Natural Gas,619316,,,Assam,10/2025,10/2025,10/2027,10/2027,495.59,495.59,18.04,5.7
43,Ministry of Petroleum & Natural Gas,Oil & Gas,North East Gas Grid,Ministry of Petroleum & Natural Gas,701346,,,"Multi-States (Arunachal Pradesh, Meghalaya, Assam, Nagaland, Sikkim, Tripura, Mizoram, Manipur)",04/2020,04/2020,03/2024,07/2026,9265,9265,6877.97,87.6
44,Ministry of Petroleum & Natural Gas,Oil & Gas,"Augmentation/ Revamping of Dimapur Depot, Dimapur",MinistryofPetroleumNaturalGas,709786,,,Nagaland,08/2023,08/2023,11/2027,11/2027,227.62,227.62,25.94,41
45,Ministry of Petroleum & Natural Gas,Oil & Gas,"Creation of Gas Dehydration Facilities, Tripura Asset",Oil and Natural Gas Corporation Limited [ONGC],709837,,,Tripura,03/2022,03/2022,05/2024,08/2026,209.33,131.51,78.98,68.9
46,Ministry of Health & Family Welfare,Healthcare,Establishment of new GMC Gangtok,"Medical Education, Ministry of Health and Family Welfare",707039,,,Sikkim,10/2018,12/2018,12/2026,-,250,635.21,666.21,92
47,Ministry of Labour and Employment,Healthcare,"Construction of 200 bedded ESIC Hospital with 62 Nos Staff quarters , Beltola",Employee's State Insurance Company [ESIC],612201,,,Assam,12/2017,10/2021,04/2025,06/2026,143.23,154.75,130.08,98
48,Ministry of Railways,Railways,Doubling of New Bonggigaon to Kamakhya via Goalpara - 176 km,Northeast Frontier Railway [NFR],705572,,,Assam,09/2016,09/2016,03/2026,03/2026,4060,4961,3797.35,95.13
49,Ministry of Railways,Railways,Guwahati-Dibrugarh via Tinsukia & Simaluguri-Dibrugarh,Central Organisation for Railway Electrification [CORE],706922,,,Assam,09/2020,09/2018,09/2020,06/2024,890.36,889.36,391.73,89
50,Ministry of Railways,Railways,"Mariani-Jorhat, Tinsukia-Dangri and Makum -TirapTrack Electrification Project",GM/C/ NFR,706940,,,Assam,09/2018,01/2022,05/2024,-,183.99,183.99,0,0
51,Ministry of Railways,Railways,Harmuty-Murkongselek Branch Line Electrification Project,GM/C/ NFR,706942,,,Assam,09/2018,01/2022,05/2024,-,237.52,237.52,0,0
52,Ministry of Railways,Railways,Furkating-New Tinsukia[194 Km],Northeast Frontier Railway [NFR],618986,,,Assam,09/2025,09/2025,06/2029,-,3633.58,3633.58,0,0
53,Ministry of Railways,Railways,Jiribam-Imphal new line project,Northeast Frontier Railway [NFR],705391,,,Manipur,03/2013,12/2007,12/2026,06/2029,14323,21885.9,16020.78,72.1
54,Ministry of Railways,Railways,Byrnihat-Shillong New Rail Line- 108 km,Northeast Frontier Railway [NFR],705396,,,Meghalaya,04/2011,03/2010,03/2021,03/2027,8324.28,8342.28,266.12,2.04
55,Ministry of Railways,Railways,Murkongselek-Pasighat,Northeast Frontier Railway [NFR] - II,705401,,,"Multi-States (Arunachal Pradesh, Assam)",02/2011,03/2023,03/2025,12/2026,435,1250,853,68
56,Ministry of Railways,Railways,Dimapur [Dhansiri]-Sukhobi Kohima [Zubza] NL [82.5 Km],Northeast Frontier Railway [NFR] - II,705392,,,"Multi-States (Assam, Nagaland)",08/2015,02/2016,03/2025,12/2029,6663,6663,6282.3,43
57,Ministry of Railways,Railways,Tetlia-Byrnihat New Railway Line,Northeast Frontier Railway [NFR],705394,,,"Multi-States (Meghalaya, Assam)",08/2010,03/2007,11/2011,06/2027,1304.62,1304.62,1254.47,86.16
58,Ministry of Railways,Railways,Lumding Furkating Doubling Project 140 km,Northeast Frontier Railway [NFR],616701,,,"Multi-States (Nagaland, Assam)",02/2024,01/2025,02/2028,-,2123.7,2123.7,121.34,10
59,Ministry of Railways,Railways,Sivok-Rangpo New Rail Line,Indian Railway Construction International Limited [IRCON],705432,,,Sikkim,10/2009,05/2010,05/2015,12/2027,7877,11775,10770.42,93
60,Ministry of Road Transport & Highways,Roads & Highways,Construction of 2-lane road of Potin to Pangin section of NH-13 from Km 163.59 to Km 206.66 Package-5 on EPC Mode in the State of Arunachal Pradesh under Arunachal Pradesh Package of Roads and Highways of SARDP-NE [Job No SARDP-NE/P-P/Pkg-A/NH-13/Ar.Pr./PWD/2018-19/116],MoRTH,617892,,,Arunachal Pradesh,03/2019,11/2020,11/2023,05/2026,450.65,450.65,308.61,96.61
61,Ministry of Road Transport & Highways,Roads & Highways,4-Laning of Itanagar to Bandardewa section of NH-415from km 40430 to km 51735 Package-Bon EPC Mode in the state of Arunachal Pradesh Job NO. 415/Ar. P/2020-21/031,MoRTH,618033,,,Arunachal Pradesh,06/2020,12/2021,12/2024,07/2026,496.47,496.47,165.43,51.37
62,Ministry of Road Transport & Highways,Roads & Highways,"lmprovement and Widening to 2 lane with paved Shoulder of NH-15 old NH-52 from Existing Km 770.600 Design Km 24.819 to Existing km 805.750 Design Km 59.885 Kamlang T-Junction to Chowkham, Existing Length 35.150 Km, Design Length-35.066 Km in the state of Arunachal Pradesh on EPC mode Pkg-2",NHIDCL,619014,,,Arunachal Pradesh,12/2023,02/2026,02/2028,-,316.73,316.73,0,0
63,Ministry of Road Transport & Highways,Roads & Highways,Construction of 2-Laning with hard shoulders of Demwe-Brahmakund section of NH-13 from Ch.0.00 km to 18.464 km on EPC under SARDP-NE NHO-NE - Balance Work,NHIDCL,618445,,,Arunachal Pradesh,08/2020,06/2025,12/2027,12/2027,353.9,353.9,0,17.91
64,Ministry of Road Transport & Highways,Roads & Highways,"Construction of Intermediate Lane with Hard Shoulder of Hunli to Hayuliang Package-III from design Km 60.000 to Km 121.500 Design Length 61.500 km, Greenfield Section of Frontier Highway NH-913 in the State of Arunachal Pradesh on EPC Mode Pkg-3",NHIDCL,618401,,,Arunachal Pradesh,02/2024,07/2025,07/2028,07/2028,1418.67,1418.67,0,1.7
65,Ministry of Road Transport & Highways,Roads & Highways,"Construction of Intermediate Lane with Hard Shoulder of Hunli to Hayuliang from Design Km 0.000 to Km 53.000 Design Length 53.000 km, Greenfield Section of Frontier Highway NH-913 in the State of Arunachal Pradesh on EPC Mode Package-I",NHIDCL,618402,,,Arunachal Pradesh,02/2024,03/2025,02/2028,03/2028,1262.43,1262.43,233.81,16.75
66,Ministry of Road Transport & Highways,Roads & Highways,Construction of Intermediate Lane Road with hard shoulder from design Km 0.000 to Km 17.387 Total length 17.387 km of Hunli to Ithun Bridge section on NH-913 Frontier Highway in State of Arunachal Pradesh on EPC mode under NHO-NE,NHIDCL,618403,,,Arunachal Pradesh,02/2024,01/2025,01/2027,01/2027,275.5,275.5,0,49.23
67,Ministry of Road Transport & Highways,Roads & Highways,Construction of lntermediate Lane Road with hard shoulder from design chainage Km 0.000 to Km 53.040 Existing Length68.500 Km & Total Design length 53.04 km of Tato to Monigong section of NH-913 Frontier Highway on Nafra Bomdila to Vijaynagar along China border in state of Arunachal pradesh on EPC mode,NHIDCL,618404,,,Arunachal Pradesh,12/2023,05/2025,11/2027,11/2027,625.61,625.61,0,21.37
68,Ministry of Road Transport & Highways,Roads & Highways,"Construction of Intermediate Lane of Pango to Jorging Road from 0000 to Design Km Design Km 40000 Design Length 40.00 Km, Pkg-l, Greenfield Alignment in the State of Arunachal Pradesh on EPC mode Pkg-1",NHIDCL,618405,,,Arunachal Pradesh,01/2024,01/2025,07/2027,07/2027,898.19,898.19,0,39.1
69,Ministry of Road Transport & Highways,Roads & Highways,Roing-Hunli Road Greenfield Alignment Project,NHIDCL,618434,,,Arunachal Pradesh,02/2017,03/2018,03/2022,06/2026,1718.59,1718.59,178.83,82.04
70,Ministry of Road Transport & Highways,Roads & Highways,Construction of Balance work of 2-Lane with PS of Joram Koloriang Road from existing Km122.600 to km138.00 [Design Km108.724 to Km123.714] in Arunachal Pradesh on EPC Mode under SARDP-NE Pkg-7,NHIDCL,618433,,,Arunachal Pradesh,02/2017,10/2020,04/2022,04/2026,184.89,184.89,0,99.69
71,Ministry of Road Transport & Highways,Roads & Highways,Construction of Balance work of 2-Lane with PS of Joram-Koloriang Road NH- 713 on EPC basis from Design Km 44.989 to Km 61.547 Existing Km 50.050 to Km 70.000 in the state of Arunachal Pradesh under SARDP-NE Pkg-3,NHIDCL,618432,,,Arunachal Pradesh,02/2017,10/2020,04/2022,07/2023,228.72,228.72,0,99.52
72,Ministry of Road Transport & Highways,Roads & Highways,"Construction of Balance Work of the 4-Laning of the Section from Jorhat to Jhanji of NH-37 Old from Km 453.000 to Km 490.800, under SARDP- NE , under EPC Mode in the state of Assam Pkg-IV Structures & Toll Plaza",NHIDCL,618444,,,Assam,01/2024,02/2024,08/2024,-,279.01,279.01,0,94.73
73,Ministry of Road Transport & Highways,Roads & Highways,"Earthwork in Formation, Road Work, Construction of Bridges, Blanketing, P. Way Linking works including Supply of P. Way Fittings and Track Ballast in connection with Construction of Railway Siding from Jogighopa Railway Station to MMLP at Jogighopa from Ch. 00 to 3760 on Item Rate basis Package -3, Railway Siding from Jogighopa Railway Station to MMLP",NHIDCL,618454,,,Assam,02/2020,12/2020,06/2022,09/2024,693.97,693.97,37.6,93.23
74,Ministry of Road Transport & Highways,Roads & Highways,Development of External Trunk Connectivity and Internal Infrastructure Works at Multi Model Logistics ParkMMLP at Jogighopa in the State of Assam on EPC Mode Package-I Road and Utility Works,NHIDCL,618455,,,Assam,02/2020,09/2020,04/2022,09/2024,693.97,693.97,296.96,100
75,Ministry of Road Transport & Highways,Roads & Highways,"6L Standalone Flyovers at Raha, Demow, Borghat, Kathiatali junctions and ROB at Jagiroad on stretches of NH 36 and NH 27",National Highways Authority of India [NHAI],618576,,,Assam,03/2022,12/2022,06/2024,-,280.75,255.53,211.79,99.04
76,Ministry of Road Transport & Highways,Roads & Highways,Guwahati Ring Road in the State of Assam,National Highways Authority of India [NHAI],618934,,,Assam,08/2024,01/2026,01/2030,01/2030,5729.47,5729.47,3.15,0
77,Ministry of Road Transport & Highways,Roads & Highways,2L with ES of Yagyi - Kalewa section from Milepost 40/0 to Milepost 115/5 in Myanmar,National Highways Authority of India [NHAI],618958,,,Assam,12/2017,05/2018,06/2023,07/2027,1200.14,1200.14,0,52
78,Ministry of Road Transport & Highways,Roads & Highways,"Construction of 4-Lane Bridge including approaches over River Brahmaputra between Dhubri on North Bank,Assam and Phulbari on south Bank,Meghalaya on NH-127B under JICA ODA Loan assistance Phase-III",NHIDCL,618373,,,Assam,05/2019,12/2020,09/2028,09/2028,4997.04,4997.04,2808.4,74.36
79,Ministry of Road Transport & Highways,Roads & Highways,"Widening / Improvement to 4-Lane with Paved Shoulder configuration of existing single lane road from Kachukhana Harichara Paglagaunj to Dhubri - Phulbari Bridge approach Package-II of Srirampur - Dhubri Section of NH-127B from existing Km 28.050 to Km 55.060 Design Km 27.650 to Km 54.154, Design Length26.504 Km under JICA ODA Loan assistance Phase-V [Srirampur - Dhubri Pkg-2]",NHIDCL,618372,,,Assam,03/2022,01/2023,01/2025,06/2025,909.02,909.02,638.5,100
80,Ministry of Road Transport & Highways,Roads & Highways,"Widening/Improvement to 4-Lane with Paved Shoulder configuration of existing single lane road from Srirampur near Bhairiguri Village to Kachukhana Harichara Paglagaunj Package-I of Srirampur - Dhubri Section of NH-127B from existing Km 0.000 to Km 28.050 Design Km 0.000 to Km 27.650, Design Length27.650 Km under JICA ODA Loan assistance Phase-V -Balance work",NHIDCL,618371,,,Assam,03/2022,11/2024,11/2026,11/2026,613.89,613.89,260.02,78.09
81,Ministry of Road Transport & Highways,Roads & Highways,"Construction of Balance Work of the 4-Laning of the Section from Jorhat to Jhanji of NH-37 Old from Km 463.00 to Km 477.000 14.000 Km, under SARDP- NE under EPC Mode in the state of Assam Pkg-II Road Works",NHIDCL,618443,,,Assam,01/2024,02/2024,08/2024,-,438.44,438.44,0,95.86
82,Ministry of Road Transport & Highways,Roads & Highways,"Construction of Balance Work of the 4-Laning of the Section from Jorhat to Jhanji of NH-37 Old from Km 477.000 to Km 490800 13.800 Km, under SARDP- NE under EPC Mode in the state of Assam Pkg-III Road Works",NHIDCL,618442,,,Assam,01/2024,02/2024,08/2024,-,358.72,358.72,0.07,99.05
83,Ministry of Road Transport & Highways,Roads & Highways,"Construction of Balance Work of 4-Laning of the Section from Jhanji to Demow of NH-37 Old from Km 490.800 to Km 501.800 11.000 Km, under SARDP- NE under EPC Mode in the state of Assam Pkg-I Road Works",NHIDCL,618441,,,Assam,01/2016,10/2024,09/2025,-,467.79,476.5,72.13,0
84,Ministry of Road Transport & Highways,Roads & Highways,"Construction of Balance Work of 4-Laning of the Section from Jhanji to Demow of NH-37 Old from Km 490.800 to Km 534.800, under SARDP- NE on EPC Mode in the state of Assam Pkg- IV Structures & Toll Plaza",NHIDCL,618440,,,Assam,01/2016,10/2024,10/2025,-,187.09,100.22,0,0
85,Ministry of Road Transport & Highways,Roads & Highways,"Construction of Balance Work of 4-Laning of the Section from Jorhat to Jhanji of NH-37 Old from Km 453000 to Km 463000 10.000 Km, under SARDP- NE under EPC Mode in the state of Assam Pkg-I Road Works",NHIDCL,618439,,,Assam,01/2024,02/2024,08/2024,-,478.3,478.3,0,96.79
86,Ministry of Road Transport & Highways,Roads & Highways,"Construction of Balance Work of 4-Laning of the Section from Jhanji to Demow of NH-37 Old from Km 501.800 to Km 514.800 13.000 Km, under SARDP- NE under EPC Mode in the state of Assam Pkg-II Road Works",NHIDCL,619013,,,Assam,10/2014,10/2024,01/2026,-,508.76,542.87,58.12,47.34
87,Ministry of Road Transport & Highways,Roads & Highways,Construction of 4-Lane Badarpur Bypass from Design Chainage km 27300 at crossing with NH-6 Old NH-44 Near Siddeswar Pt.-I Village to Design Chainage km 38600 on NH-37 Old NH-44 at Kandigram Chaita Village on Silchar - Churaibari stretch in the State of Assam on EPC Mode under Bharatmala Pariyojana in Economic Corridors Silchar- Churaibari Pkg-3,NHIDCL,619057,,,Assam,02/2023,02/2024,08/2026,08/2026,574.26,574.26,316.32,71.09
88,Ministry of Road Transport & Highways,Roads & Highways,"4-Laning of NH-37 Section between Demow to End of Moran Bypass From Km. 534.800 to Km. 561.700 including Emergency Landing Facility ELF under SARDP-NE, Phase 'A' in the State of Assam on EPC mode",NHIDCL,618438,,,Assam,01/2016,01/2023,07/2024,08/2025,385.57,385.57,145.89,100
89,Ministry of Road Transport & Highways,Roads & Highways,"Construction of Balance Work of 4-Laning of NH-37 Section between End of Moran Bypass to Bogibeel junction near Lapetketa Km. 561.700-Km. 580.875 under SARDP-NE, Phase 'A' in the State of Assam on EPC mode Pkg-I Road works & Toll Plaza",NHIDCL,618437,,,Assam,01/2016,09/2024,03/2025,08/2025,274.34,274.34,90.6,100
90,Ministry of Road Transport & Highways,Roads & Highways,"Construction of Balance Work of 4-Laning of the Section from Jhanji to Demow of NH-37 Old from Km 514.800 to Km 534.800 20.000 Km, under SARDP- NE under EPC Mode in the state of Assam Pkg-III Road Works",NHIDCL,619060,,,Assam,10/2014,10/2024,09/2025,-,344.71,619.7,46.37,62.9
91,Ministry of Road Transport & Highways,Roads & Highways,Balance work of 4L of NarimbangloJatinga Junction- Harangajoroad section from Km 0.000 to Km 49.230 of NH-27,NHAI,619089,,,Assam,03/2022,01/2023,01/2026,06/2026,1909.98,2745.74,1307.33,93.08
92,Ministry of Road Transport & Highways,Roads & Highways,4-Laning of Jamugurihat to end of Biswanath Chariali By-Pass from Km 182.000 to Km 208.000 of NH-52 on EPC mode in state of Assam under SARDP-NE,NHIDCL,618436,,,Assam,03/2015,12/2016,06/2019,07/2025,599,599,405.02,100
93,Ministry of Road Transport & Highways,Roads & Highways,4-Laning from Rangagara to Kaliabor Tiniali from km 297.00 to km 315.315 of NH-37 on EPC basis under SARDP-NE in state of Assam,NHIDCL,618435,,,Assam,01/2016,10/2017,04/2020,06/2026,386.51,386.51,352.16,97.13
94,Ministry of Road Transport & Highways,Roads & Highways,"Construction of 4 lane Gauripur Bypass Starting bfrom Km 852.56 of NH- 31Dumardoha Pt-II and Terminating at Km 862.17 Baladmara via. Khudimari Pt.- II, Fulkumari, Charaldanga, Sajuakuti,Geramari Pt.-III and finally meeting at km 862.17 of NH-17New/ NH-31Old in the State of Assam under EPC Mode Job no. 31/AS/ 2023-24/265",MoRTH,617896,,,Assam,03/2024,04/2025,10/2026,10/2026,421.15,421.15,0,17.9
95,Ministry of Road Transport & Highways,Roads & Highways,Construction of Mangaldoi Bypass NH-15 starting at Ch 26400 and terminating at Ch 41505 under Rangia NH Division L 15.105 Km in the State of Assam. Job No. 15/AS/2021-22/234,MoRTH,617895,,,Assam,03/2022,04/2023,04/2025,12/2026,535.03,535.03,161.56,70.71
96,Ministry of Road Transport & Highways,Roads & Highways,Wideinig & Upgradation to 2-lanes with paved shoulders road from Tamenglong to Mahur NH-137 in the State of Assam starting from km 96.870 near Jiri River to km 116.550 near Hangrum Package-7 on EPC mode Package7,NHIDCL,618354,,,Assam,12/2023,03/2024,03/2026,06/2026,846.82,846.82,0,85.29
97,Ministry of Road Transport & Highways,Roads & Highways,Widening & Upgradation to 2-lanes with paved shoulders road from Tamenglong to Mahur NH-137 in the State of Assam starting from km 116.480 near Hangrum to km 136.500 near Hejaichak Package-8 on EPC mode under NHO-NE Package 8,NHIDCL,618353,,,Assam,03/2023,08/2023,08/2025,06/2026,904.04,904.04,520.05,85.2
98,Ministry of Road Transport & Highways,Roads & Highways,Widening & Upgradation to 2 lanes with paved shoulders road from Tamenglong to Mahur NH-137 in the State of Assam starting from km 136.500 near Hejaichak to km 156.489 near P. Leikul Package-9 on EPC mode under NHO-NE Package-,9,NHIDCL,618352,,Assam,03/2023,08/2023,08/2025,06/2026,860.37,614.43,528.46,87.5
99,Ministry of Road Transport & Highways,Roads & Highways,Widening & Upgradation to 2 lanes with paved shoulders road from Tamenglong to Mahur NH-137 in the State of Assam starting from km 156.489 near P. Leikul to km 176.410 near Borowapu on EPC mode under NHO-NE Assam portion Package-10,NHIDCL,618351,,,Assam,03/2023,08/2023,08/2025,06/2026,890.33,693.15,569.61,81.9
100,Ministry of Road Transport & Highways,Roads & Highways,Construction of 2 lane Barpeta Bypass from Km 77900Baradi to Km 86150 Deurikuchi Length8.25Km on NH-427 in the state of Assam under EPC ModeJob No.427/AS/2022-23/245,MoRTH,618034,,,Assam,03/2023,02/2025,08/2026,08/2026,173.65,173.65,8.07,20
101,Ministry of Road Transport & Highways,Roads & Highways,"Construction of new 2 Lane with paved shoulders of NH Standards from km 0.080 to km 11.690 L11.610 km in Majuli and from km 19.715 to km 27.484 L 7.769 km in Jorhat on the newly declared NH 715K and construction of 1.10 km flyover on NH-715 with its approaches and service roads L1.10 km, Total Length 20.479 km in the State of Assam Job No. 715K/AS/2023-24/256",MoRTH,618159,,,Assam,02/2024,09/2025,03/2027,03/2027,382.1,382.1,25.58,0
102,Ministry of Road Transport & Highways,Roads & Highways,"Construction of 2 lane Major Bridge including approaches over Brahmaputra between Majuli on North Bank and Jorhat on South Bank from km. 11.690 to km. 19.715 length of bridge 6,812.5m Package - II on NH-715K in the state of Assam Job no. 715/AS/2020-21/213",MoRTH,618160,,,Assam,03/2025,12/2025,12/2027,12/2027,1019.17,1019.17,0,1.82
103,Ministry of Road Transport & Highways,Roads & Highways,4-L Bilasipara-Guwahati Package-10,NHIDCL,618282,,,Assam,03/2023,12/2023,06/2026,03/2027,1264.9,1264.9,469.24,56.91
104,Ministry of Road Transport & Highways,Roads & Highways,4-L Bilasipara-Guwahati Package-9,NHIDCL,618283,,,Assam,03/2023,12/2023,06/2026,03/2027,1000.27,1000.27,416.11,50.92
105,Ministry of Road Transport & Highways,Roads & Highways,Widening/Improvement to 4-Lane with paved shoulder from Km 99930 to Km 143680 Design Chainage 96000 to 139750 of Paikan to Dhupdhara Sahar of Bilasipura-Guwahati Road on NH-17 in the state of Assam on EPC mode under Bharatmala Pariyojana in Economic Corridors Project Length 43.750km under NHO-NE Package-8,NHIDCL,618284,,,Assam,03/2023,12/2023,12/2026,12/2026,1457.59,1457.59,793.68,79.46
106,Ministry of Road Transport & Highways,Roads & Highways,Widening/Improvement to 4 -Lane with Paved Shoulder from Ch. 88.000km to Ch.99.930 km Design Ch.84.100km to Ch.96.000 km of Sagunbashi forest near Nichinta to starting of Krishnai Bypass Section of Bilasipura Guwahati road NH 17 on EPC Package-7,NHIDCL,618285,,,Assam,03/2021,10/2023,10/2025,01/2026,286.72,286.72,186.64,100
107,Ministry of Road Transport & Highways,Roads & Highways,Construction of New 2-Lane Bridge with its approaches from km 0000 to Km 4385 across River Brahmaputra on NH-17 at Jogighopa in Assam on EPC mode,NHIDCL,618286,,,Assam,09/2021,11/2021,11/2024,12/2026,746.76,746.76,410.28,76.47
108,Ministry of Road Transport & Highways,Roads & Highways,"Widening/Improvement to 4-Lane with paved Shoulder from Ch. 25.633 Km to Ch. 52.470 Km Design Ch. 21.850 Km to Ch.48.670 Km for Package-2 of Bilasipura- Guwahati road NH-17 Section Near Mowatari, before Chapar Bypass to Tulungia junction with NH-17 in the state of Assam on HAM mode under NHO- NE Package-2",NHIDCL,618287,,,Assam,11/2023,12/2024,06/2027,06/2027,1338.61,1338.61,0,12.45
109,Ministry of Road Transport & Highways,Roads & Highways,"Widening/lmprovement to 4-Lane with Paved Shoulder from Ch.5.580 Km to Ch.25.633 Km Design Ch.0.000 Km to Ch.17.737km Km 901.100 to Km 921.145 of old NH-31 of Bilasipara- Guwahati road NH-17 Section Near Chirakuta to near Mowatari, before Chapar Bypass in the state ol Assam on HAM mode Package-1",NHIDCL,618288,,,Assam,02/2024,02/2025,08/2027,08/2027,1081.15,1081.15,0,28.74
110,Ministry of Road Transport & Highways,Roads & Highways,Construction and up gradation to 4-Lane of existing two lane with paved shoulder from Hapachara to Tulungia road of NH-117 of existing Km 0.00 to km 14.050 and Design Km 0.000 to km 14.660 under BMP on EPC mode,NHIDCL,618289,,,Assam,03/2020,06/2020,12/2022,03/2026,224.85,224.85,204.31,97.76
111,Ministry of Road Transport & Highways,Roads & Highways,Construction of 4-Lane Panchgram Bypass from Design Chainage km 15500 on NH-37 Old NH-53 at Kalinagar Pt.-I Village to Design Chainage km 27300 at crossing with NH-6 Old NH-44 Near Siddeswar Pt.-I Village on Silchar - Churaibari stretch in the State of Assam on EPC Mode under Bharatmala Pariyojana in Economic Corridors Silchar- Churaibari Package-2,NHIDCL,618308,,,Assam,03/2023,08/2024,02/2027,02/2027,676.18,728.97,0,57.17
112,Ministry of Road Transport & Highways,Roads & Highways,Widening/lmprovement to 4-Laning and Greenfield alignment with Paved shoulder of Silchar-Badarpur Churaibari section of NH-37 & NH-8 from Design chainage 38.600 End point of proposed Badarpur Bypass to Km. 62.800 Start point of proposed Nilambazar/Cheragi Bypass in the state of Assam on HAM Mode Package-4,NHIDCL,618309,,,Assam,02/2024,08/2025,08/2027,08/2027,1319.55,1319.55,0,14.6
113,Ministry of Road Transport & Highways,Roads & Highways,Widening/lmprovement to 4-L of Karimgani - sutarkandi section of NH 37 from design Ch 0020 Start of proposed Karimganj Bypass from NH -8 to design Chainage Km 14380 near Sutarkandi Spur Connectivity to Indo/Bangladesh Border on Silchar-Churaibari in the State of Assam on HAM Mode Package-7,NHIDCL,618310,,,Assam,02/2024,02/2025,02/2027,02/2027,791.79,791.79,0.06,40.4
114,Ministry of Road Transport & Highways,Roads & Highways,Widening/lmprovement to 4-Lane with Paved shoulder for existing as well as Greenfield alignment of Badarpur Churaibari section of NH-8 from Design chainage 87.700 Chandkhira to Km. 106.500 Churaibari section Assam-Tripura border in the state of Assam on HAM Mode Package-6,NHIDCL,618311,,,Assam,03/2024,03/2025,03/2027,03/2027,870,870,0,31.83
115,Ministry of Road Transport & Highways,Roads & Highways,Widening/lmprovement to 4-Lane with Paved Shoulder from existing road and Greenfield alignment form Design Ch. 62.800 start of proposed Nilambazar/Cheragi Bypass to Design Ch. 87.700 near Chandkhira Village of NH-8 on Silchar-Churaibari in the state of Assam on HAM Mode Package-5,NHIDCL,618312,,,Assam,02/2024,04/2025,10/2027,10/2027,1258.13,1258.13,0,11
116,Ministry of Road Transport & Highways,Roads & Highways,Widening/lmprovement of Existing 2 lane to 4-Laning of Karimganj-Silchar section of NH-37 from Design Ch 0.000 near Silchar ISBT to Design Ch 15.970 near Kalinagar Pt I on NH-37 in Assam on HAM Mode Pkg-1,NHIDCL,618313,,,Assam,03/2024,09/2025,09/2027,09/2027,1181.55,1181.55,0,0
117,Ministry of Road Transport & Highways,Roads & Highways,4-Laning of Dhanehari Lailapur / Vairengte section from Existing Chainage km 12920 to km 43000 of NH 306 Design Chainage km 20000 to km 49360 on Silchar - Vairengte Sairang road in the State of Assam under Bharatmala Pariyojna on EPC mode. Project Length 29.360 km under NHO-NE Package-2,NHIDCL,618314,,,Assam,03/2023,02/2024,08/2026,08/2026,1716.21,1716.21,918.32,79.34
118,Ministry of Road Transport & Highways,Roads & Highways,4-Laning of Silchar - Dhanehari section from Existing Chainage km 263800 of NH 37 to km 12920 of NH 306 Design Chainage km 0000 to km 20000 on Silchar - Vairengte - Sairang road in the State of Assam under Bharatmala Pariyojna on EPC mode Package-1,NHIDCL,618315,,,Assam,02/2023,01/2024,07/2026,07/2026,1256.9,1256.9,550.91,55.46
119,Ministry of Road Transport & Highways,Roads & Highways,Dillai to Lahorijan Package-7,NHIDCL,618325,,,Assam,11/2021,01/2023,07/2024,12/2025,204.1,204.1,0,0
120,Ministry of Road Transport & Highways,Roads & Highways,Widening/Improvement to 4-Lane with Paved Shoulder from KM 38500 to Km 51246 Design Chainage 38500 to 50959 with proposed Daboka Bypass of Daboka-Parokhaowa of NH 29 on EPC under NHO-NE Package-1,NHIDCL,618326,,,Assam,01/2023,11/2023,11/2025,05/2026,516.88,516.88,0,97.96
121,Ministry of Road Transport & Highways,Roads & Highways,Widening/Improvement to 4-Lane with Paved Shoulder from KM 113300 to Km 146230 Design Chainage 113830 to 145712 of Kwaram Taro Village - Dillai Section in Assam on EPC Package-6,NHIDCL,618327,,,Assam,09/2021,07/2022,07/2024,03/2025,625.64,625.64,0,0
122,Ministry of Road Transport & Highways,Roads & Highways,Construction of 4/6 Laning from existing Km 159.400 of NH-36 to existing Km 102.500 of NH-39 and upto end point of Assam portion [Design Km 118.050 to design Km 132.375] Total New Alignment length of 14.325 Km of Daboka - Dimapur Section Dimapur Bypass in the state of Assam under SARDP-NE 'Phase-A' on EPC mode Assam Portion,NHIDCL,618330,,,Assam,03/2018,11/2019,11/2022,09/2025,511.02,511.02,647.21,100
123,Ministry of Road Transport & Highways,Roads & Highways,lmprovement to 4-Lane with Paved Shoulder from existing km 260000 Design Ch.4560 km to existing km Ch.233000 D. Ch.24560 of Silchar near Nutan Dayapur village - Budha Nagar Section Length-20.00 Km of NH-37 under Package Silchar-Jiribam Pkg-1 in the state of Assam on HAM Mode,NHIDCL,618331,,,Assam,01/2024,01/2025,01/2028,01/2028,957.95,957.95,149.51,36.56
124,Ministry of Road Transport & Highways,Roads & Highways,Widening/Improvement to 2-Lane Lane with Paved Shoulder from km 16900 Bogapani to km 27150 Golai Goan on existing Dibrugarh to Ledo section with proposed Digboi Bypass Green Field and Brownfield 2-LanePS of NH-315 OLD NH-38 in Tinsukia District under NHO- NE Package-4,NHIDCL,618339,,,Assam,01/2023,12/2023,12/2026,-,356.65,356.65,0,20.45
125,Ministry of Road Transport & Highways,Roads & Highways,Widening/Improvement to 4-Lane with Paved Shoulder from km 626030 Nalani hulla Gaon to km 650450 Chotahapjan on existing Tinsukhia -Makum Bypass of NH-15 OLD NH-37 and Strengthening of existing NH-315 OLD NH-38 from Km 0000 Chotahapjan to Km 16900 Bogapani section 2-Lane PS in Assam on EPCMode under NHO-NE Package-3,NHIDCL,618340,,,Assam,01/2023,05/2023,05/2025,07/2026,458.59,458.59,217.2,83.39
126,Ministry of Road Transport & Highways,Roads & Highways,Widening to 2 lane with Paved shoulder of lmphal to Jiribam section of NH-37 from Design Ch. from km 169570 Near Nungkao vlllage under Tamenglong District to km 205974 near Jiribam Bridge under Jiribam district under NHO-NE PKG-7,NHIDCL,618333,,,Manipur,01/2023,12/2023,12/2025,06/2026,760.16,760.16,414.38,90.52
127,Ministry of Road Transport & Highways,Roads & Highways,Widening to 2 Lane with Paved shoulder of lmphal to Jiribam section of NH-37 from Design Ch. from km 131.280 to km 169.570 on EPC mode in Manipur under NHO-TSP PKG-6,NHIDCL,618334,,,Manipur,12/2021,02/2023,02/2025,05/2026,504.76,504.76,308.06,95
128,Ministry of Road Transport & Highways,Roads & Highways,Widening to 2 Lane with Paved shoulder of lmphal to Jiribam section of NH-37 from Design Ch. from Km 101280 Near Khongsang Village to Km 131280 near Puilon Kambiron Village on EPC Mode in Manipur PKG-5,NHIDCL,618335,,,Manipur,12/2021,11/2022,05/2024,06/2026,410.68,410.68,339.14,89.95
129,Ministry of Road Transport & Highways,Roads & Highways,Widening to 2 -Lane with Paved shoulder of Imphal to Jiribam section of NH-37 from Design Chainage 66.110 km to 101.280 Km Existing Chainage km 67.496 to km 103.557 on EPC Mode in Manipur PKG-4,NHIDCL,618336,,,Manipur,09/2021,06/2022,12/2023,07/2026,579.63,579.63,377.13,84.86
130,Ministry of Road Transport & Highways,Roads & Highways,Construction of 2 -Lane with paved shoulders road from Tamenglong to Mahur NH-137 starting from km 80.630 near Mandeu to km 96.870 near Jiri River on EPC Mode Package-6,NHIDCL,618358,,,Manipur,09/2021,11/2021,05/2023,12/2025,311.18,311.18,230.69,86.73
131,Ministry of Road Transport & Highways,Roads & Highways,Construction of 2 -Lane with paved shoulders road from Tamenglong to Mahur NH-137 in Manipur starting from km 54.180 near Azuram to km 80.630 near Mandeu on EPC Mode Package 5,NHIDCL,618357,,,Manipur,09/2021,11/2021,05/2023,01/2026,477.86,477.86,330.1,84.87
132,Ministry of Road Transport & Highways,Roads & Highways,Construction of 2 -Lane with paved shoulders road from Tamenglong to Mahur in the state of Manipur from km 31.430 at Old Tamenglong to km 43.480 ending near Phelong on EPC Mode Package-3,NHIDCL,618356,,,Manipur,03/2021,06/2021,12/2022,04/2026,234.08,234.08,196.29,100
133,Ministry of Road Transport & Highways,Roads & Highways,"Construction of of 2 -Lane with paved shoulders road from Tamenglong-Tousem- Lisang-Mahur Road NH-137 starting near Dialong Village from km 10.000 at Dialong to km 31.430 near Old Tamenglong , near Barak River on EPC Mode Package-2",NHIDCL,618355,,,Manipur,07/2021,09/2021,03/2023,03/2026,483.87,483.87,361.96,95.28
134,Ministry of Road Transport & Highways,Roads & Highways,"Widening/Improvement to 2 lane with earthen shoulder of Choithar to Marrem Khullen section of NH-202 of Imphal Ukhrul Jessami Economic Corridor from Design Chainage km 53.110 to km 95.700 in the State of Manipur on EPC mode under Bharatmala Pariyojana, under NHO-NE Package-5",NHIDCL,618306,,,Manipur,03/2023,05/2025,03/2027,05/2027,564.05,564.05,72.58,14.08
135,Ministry of Road Transport & Highways,Roads & Highways,Widening/Improvement to 2 lane with earthen shoulder of Marrem Khullen to Jessami section of NH-202 of Imphal - Ukhrul - Jessami Economic Corridor from Design Chainage km 95.700 to km 140.180 in the State of Manipur on EPC mode under Bharatmala Pariyojana under NHO-NE Package-6,NHIDCL,618305,,,Manipur,03/2023,12/2024,12/2026,12/2026,554.66,554.66,201.52,22.55
136,Ministry of Road Transport & Highways,Roads & Highways,"Widening/Improvement to 2 Lane with earthen shoulder of Jessami to Laynen bridge Nagaland border section of NH-29 of Imphal -Ukhrul - Jessami Economic Corridor from km 0.000 to km 11.009 in the State of Manipur on EPC mode under Bharatmala Pariyojana, under NHO-NE Package-7",NHIDCL,618304,,,Manipur,03/2023,12/2024,06/2026,10/2026,164.89,164.89,125.76,23.56
137,Ministry of Road Transport & Highways,Roads & Highways,Widening/Improvement to 2-lane with earthen shoulder of Yaingangpokpi - Finch corner road section of NH-202 from Km 0.000 to Km 16.900 of NH-202 in the state of Manipur on EPC mode Package-1,NHIDCL,618303,,,Manipur,03/2020,07/2020,06/2022,04/2026,222.77,222.77,0,88.85
138,Ministry of Road Transport & Highways,Roads & Highways,Widening/Improvement to 2-lane with earthen shoulder of Yaingangpokpi - Finch corner road section of NH-202 from Km 16.900 to Km 30.970 of NH-202 in the state of Manipur on EPC mode Package-2,NHIDCL,618302,,,Manipur,03/2020,07/2020,06/2022,06/2026,256.04,256.04,0,97.12
139,Ministry of Road Transport & Highways,Roads & Highways,Widening/Improvement of existing 2-lane to 4-Lane Divided Highway from Kuraopokpi to Sekmai section of Imphal-Kohima Road Design Ch. km 287.00 to 297.700 of NH-39 New NH-02 in state of Manipur on EPC mode Pkg-5A,NHIDCL,618301,,,Manipur,09/2020,02/2025,08/2026,08/2026,228.97,228.97,33.76,48.16
140,Ministry of Road Transport & Highways,Roads & Highways,Improvement/Up-gradation of existing 2-Lane Road to 4-Lane Divided Highway from Taphukuki to Daili section of Imphal-Kohima road NH-02 Design Chainage from Km 262175 to Km 274610 in the state of Manipur on EPC mode Pkg-4A,NHIDCL,618300,,,Manipur,09/2020,10/2020,04/2022,08/2026,379.39,379.39,301.89,91.31
141,Ministry of Road Transport & Highways,Roads & Highways,Improvement/Up-gradation of existing 2-Lane Road to 4-Lane Divided Highway from Daili to Kuraopokpi section of Imphal-Kohima road NH-02 Design Chainage from Km 274610 to Km 287000 in the state of Manipur on EPC mode Pkg-4B,NHIDCL,618299,,,Manipur,09/2020,12/2024,06/2026,06/2026,268.98,268.98,0,55.15
142,Ministry of Road Transport & Highways,Roads & Highways,Construction of 2-laning with Hard shoulder of Ukhrul Tolloi - Tadubi section of NH-102A from Design Chainage km 9450 to km 50850 in the State of Manipur on EPC mode under NHO-NE Package-2,NHIDCL,618387,,,Manipur,03/2023,03/2024,03/2026,04/2026,578.98,578.98,249.29,79.5
143,Ministry of Road Transport & Highways,Roads & Highways,Construction of 2-laning with Hard shoulder road of Ukhrul - Tolloi - Tadubi section of NH-102A from Design Chainage 50.850 km to 81.870 km in the State of Manipur on EPC mode under NHO-TSP Package -3,NHIDCL,618388,,,Manipur,09/2021,07/2023,01/2025,07/2026,315.56,315.56,227.98,90.91
144,Ministry of Road Transport & Highways,Roads & Highways,Construction of 2-laning with Hard shoulder road of Ukhrul - Tolloi - Tadubi section of NH-102A from Design Chainage 81.870 km to 105.825 km in the State of Manipur on EPC mode under NHO-TSP Package -4,NHIDCL,618389,,,Manipur,09/2021,08/2022,02/2024,05/2026,310.76,310.76,247.28,96.8
145,Ministry of Road Transport & Highways,Roads & Highways,Widening/Improvement of existing 2-Lane road to 4-Lane Divided Highway from Sekmai to Nilakuthi section of Imphal-Kohima Road Design Chainage from Km 297700 to Km 308729 of NH-39 New NH-02 in state of Manipur on EPC mode Pkg-5B,NHIDCL,618298,,,Manipur,03/2021,07/2021,01/2023,06/2026,211.7,211.7,227.95,90.96
146,Ministry of Road Transport & Highways,Roads & Highways,Widening to 2 -Lane with Paved shoulder of Imphal to Jiribam section of NH-37 from Design Chainage 33.000 km to 66.390 Km Existing Chainage from km 33.395 to km 67.496 on EPC Mode in Manipur PKG-3,NHIDCL,618337,,,Manipur,03/2021,09/2021,03/2023,03/2026,467,467,568.72,86.33
147,Ministry of Road Transport & Highways,Roads & Highways,Widening to 2-Lane with Paved shoulder of Imphal to Jiribam section of NH-37 from Design Chainage 15.940 km to 33.120 Km Existing Chainage Km 15.946 to Km 33.395 Total length17.180 Km in the State of Manipur on EPC mode PKG-2 - Balance Works & Rectification works,NHIDCL,618338,,,Manipur,03/2021,03/2025,03/2026,05/2026,195.14,195.14,0,76.18
148,Ministry of Road Transport & Highways,Roads & Highways,Balance work of Widening to 2 Two lane with hard shoulder of Churachandpur to Tuivai section of NH-102B from Design Chainage km 118850 to km 130000 Package-4A in the State of Manipur on EPC Mode,NHIDCL,618349,,,Manipur,04/2020,08/2025,08/2026,08/2026,204.12,204.12,0,21.39
149,Ministry of Road Transport & Highways,Roads & Highways,Balance work of Widening to 2 Two lane with hard shoulder of Churachandpur to Tuivai section of NH-102B from km 130.000 to km 141.029 Package-4B in the State of Manipur on EPC Mode,NHIDCL,618348,,,Manipur,06/2020,11/2025,11/2026,11/2026,177.76,177.76,1.41,0.97
150,Ministry of Road Transport & Highways,Roads & Highways,"Improvement of existing road to 2 laning with Hard Shoulders of Maram-Peren section Package-1B, length- 17.660 km from Design Chainage 22.340 km to 40.000 km on NH-129A in the State of Manipur on EPC mode",NHIDCL,618415,,,Manipur,02/2021,06/2021,12/2022,03/2026,188.36,188.36,0,100
151,Ministry of Road Transport & Highways,Roads & Highways,"Improvement of existing road to 2 laning with Hard Shoulders of Maram -Peren section Package-1A, length- 22.340Km from Design Chainage 0.000 km to 22.340 km on NH-129A in the State of Manipur on EPC mode",NHIDCL,618416,,,Manipur,02/2021,06/2021,12/2022,07/2026,226.32,226.32,179.09,74.58
152,Ministry of Road Transport & Highways,Roads & Highways,Widening to 2-lane with Hard shoulder of Churachandpur to Tuivai Section of NH- 102B from km 13.747 to km 32.835 in the State of Manipur on EPC mode under NHO Package-1B,NHIDCL,618347,,,Manipur,04/2020,07/2020,06/2022,03/2026,241.52,241.52,152.85,96.54
153,Ministry of Road Transport & Highways,Roads & Highways,Widening to 2-lane with Hard shoulder of Churachandpur to Tuivai Section of NH- 102B from km 32.835 to km 48.587 in the State of Manipur on EPC mode under NHO Package-2A,NHIDCL,618346,,,Manipur,04/2020,07/2020,06/2022,03/2026,232.99,232.99,149.21,96.35
154,Ministry of Road Transport & Highways,Roads & Highways,Widening to 2-lane with Hard shoulder of Churachandpur to Tuivai Section from Km 48.587 to Km 69.875 in the State of Manipur on EPC mode under NHO Package-2B,NHIDCL,618345,,,Manipur,06/2020,08/2020,08/2022,05/2026,365.53,365.53,187.39,85.09
155,Ministry of Road Transport & Highways,Roads & Highways,Widening to 2-lane with Hard shoulder of Churachandpur to Tuivai Section of NH- 102B from Design Chainage 69.875 Km to 121.769 Km in the State of Manipur on EPC mode Package-3,NHIDCL,618344,,,Manipur,03/2021,08/2021,08/2023,12/2026,673.27,673.27,500.96,82.93
156,Ministry of Road Transport & Highways,Roads & Highways,Rehabilitation and Up-gradation of Nongstoin Wahkaji section of Project Road Km 0000 to Km 43060 to Intermediate Lane with earthern shoulder under SARDP-NE Phase-A in the State of Meghalaya on EPC mode. Job No- SARDP- NE ong-Don-Maw/MG/2020-21/294,MoRTH,617885,,,Meghalaya,08/2020,02/2022,08/2023,05/2026,302.88,302.88,182.58,99.1
157,Ministry of Road Transport & Highways,Roads & Highways,"Construction of 2-Lane with paved shoulder of Shillong Western Bypass starting from NH-06 near Ladumsaw Existing km 60.900 of old NH-40 to NH106 old NH- 44E, km 0000 to km 12800 Package-I under SARDP-NE PHASE A in the State of Meghalaya on EPC Mode Greenfield alignment",NHIDCL,618421,,,Meghalaya,03/2023,09/2024,09/2026,09/2026,620.3,620.3,215.93,68.85
158,Ministry of Road Transport & Highways,Roads & Highways,Improvement and Widening two lannig with paved Shoulder of NH 127B from km 31.500 Goeragre to km 63.224 Package-II in state of Meghalaya,MoRTH,618076,,,Meghalaya,12/2023,05/2025,05/2027,-,504,350.67,0,2.5
159,Ministry of Road Transport & Highways,Roads & Highways,Improvement and Widening of National Highway No. 127B Darugiri - Songsak - Williamnagar Junction Section to two lane with paved shoulder from design Km 0000 to Km 36635 Design length 36.635 Km existing Km 112000 to Km 151060 of NH-1278 under Bharatmala Pariyojana Lot-1 Pkg-1B Meghalaya portion,NHIDCL,618294,,,Meghalaya,03/2023,09/2025,09/2027,09/2027,801.07,801.07,64.53,24.13
160,Ministry of Road Transport & Highways,Roads & Highways,Improvement/Widening of New NH-217 Dainadubi-Darugiri section to Two lane with paved shoulder in Meghalaya from design Km 0000 to Km 40840 existing Km 8600 to Km 53000 of Old NH-62 under BMP Lot-1 Pkg-1B Meghalaya portion,NHIDCL,618295,,,Meghalaya,03/2023,03/2025,03/2027,03/2027,705.83,705.83,0,38.75
161,Ministry of Road Transport & Highways,Roads & Highways,"Construction of 2 lane with paved shoulder of Shillong Western Bypass starting from NH-06 near Ladumsaw existing km 60.900 of old NH-40 to NH-106 old NH- 44E, Package-II km 12800 to km 24700 under SARDP-NE Phase A in the State of Meghalaya on EPC Mode",NHIDCL,618420,,,Meghalaya,03/2023,09/2024,09/2026,09/2026,686.03,686.03,228.79,46.51
162,Ministry of Road Transport & Highways,Roads & Highways,"Construction of 2-Lane with paved shoulders of Shillong Western Bypass starting from NH-06 near Ladumsaw existing Km 60.900 of old NH40 to NH106 old NH 44E Package-III, from km 24700 to km 38256 under SARDP-NE PHASE A in the state of Meghalaya on EPC Mode Greenfield alignment",NHIDCL,618419,,,Meghalaya,03/2023,09/2024,09/2026,09/2026,562.48,562.48,85.88,50.91
163,Ministry of Road Transport & Highways,Roads & Highways,Rehabilitation and up gradation of Nongstoin-Rambrai-Kyrshai road up to Meghalaya-Assam border from Km 0.335 to km 34.039 to 2-Lane under NHO - NE in the State of Meghalaya Package-1,NHIDCL,618418,,,Meghalaya,09/2021,05/2022,05/2024,05/2026,359.86,359.86,214.12,80.49
164,Ministry of Road Transport & Highways,Roads & Highways,Improvement/Widening to 2-L with Paved Shoulder/ 4-Laning of NH-40 section from Km 151330 to Km 163400 design Km 63.530 to Km 71.520 including Dawki Bridge of length 368 m between Shillong-Dawki under JICA ODA Loan assistance Phase-II Pkg-5 -Balance work,NHIDCL,618374,,,Meghalaya,07/2020,05/2024,11/2026,11/2026,284.21,284.21,0,38.77
165,Ministry of Road Transport & Highways,Roads & Highways,Improvement/Widening to 2-Lane with Paved Shoulder from design Km 45.760 to Km 63.530 between Shillong-Dawki under JICA ODA Loan assistance Phase-II - Balance work Pkg-4,NHIDCL,618375,,,Meghalaya,07/2020,04/2024,04/2026,10/2026,445.51,445.51,42.32,49.05
166,Ministry of Road Transport & Highways,Roads & Highways,Improvement/Widening to 2-Lane with Paved Shoulder between Shillong-Dawki road up to Bangladesh Border from design Km 10.670 to Km 37.550 under JICA ODA Loan assistance Phase-II -Balance Work-Pkg-2,NHIDCL,618376,,,Meghalaya,07/2020,02/2024,08/2026,12/2026,525.67,525.67,0,49.31
167,Ministry of Road Transport & Highways,Roads & Highways,Improvement/Widening to 2-L with Paved Shoulder/4-L from Km 81740 to Km 93490 design Km 0000 to Km 10670 of NH-40 New NH-106 & 206 section & 4-L from design Km 0.00 to Km 0.930 of NH-44 section between Shillong-Dawki under JICA ODA Loan assistance Phase-II -Balance Work Pkg-1,NHIDCL,618377,,,Meghalaya,07/2020,10/2023,10/2025,05/2026,351.12,351.12,0,93.06
168,Ministry of Road Transport & Highways,Roads & Highways,4-Laning of Vairengte - Chhimluang section Package-3 of NH-306 from Existing Chainage km 43000 to Km 59700 Design Chainage km 46000 to km 60850 on Silchar - Vairengte- Sairang road in the State of Mizoram under Bharatmala Pariyojna under NHO-NE. Package-1&2 in Assam state,NHIDCL,618316,,,Mizoram,12/2021,07/2025,01/2027,12/2026,491.39,491.39,32.46,17.86
169,Ministry of Road Transport & Highways,Roads & Highways,4-Laning of chhimluang-Kolasib from section pkg-4 of NH-306 & NH-6 existing chainage km 59700 to km 86000 design chainage km 61000 to km 77500 on Silchar-vairengte-sairang road in the state of Mizoram under Bharatmala Pariyojna on EPC mode Vairengte - Sairang Pkg-4,NHIDCL,618317,,,Mizoram,12/2021,07/2025,01/2027,12/2026,561.91,561.91,0,17.12
170,Ministry of Road Transport & Highways,Roads & Highways,4-Laning of Kolasib - Sethawn section Package-5 of NH-6 from Existing Chainage km 86000 to km 107850 Design Chainage km 77500 to km 95500 on silchar - vairengte - sairang road under Bharatmala Pariyojna on EPC mode under NHO-NE Vairengte - Sairang Pkg-5,NHIDCL,618318,,,Mizoram,11/2021,07/2025,07/2027,06/2027,720.4,720.4,40.29,11.86
171,Ministry of Road Transport & Highways,Roads & Highways,"4-Laning of Sethawn - N. Kawnpui section Package-6 of NH-6 from Existing Chainage km 107850 to km 126315 Design Chainage km 95500 to km 111850 on Silchar-Vairengte- Sairang road, Vairengte - Sairang Pkg-6",NHIDCL,618319,,,Mizoram,12/2021,07/2025,01/2027,12/2026,595.65,595.65,21.02,6.72
172,Ministry of Road Transport & Highways,Roads & Highways,Construction of 4-Laning of N. Kawnpui N. Mualvum Mualkhang via Khamrang Village section Package-7 of NH-6 from Existing Chainage km 127200 to km 142000 Design Chainage km 111850 to km 123400 on Silchar - Vairengte - Sairang road in the State of Mizoram on EPC mode,NHIDCL,618320,,,Mizoram,02/2024,10/2025,10/2028,-,866.32,866.32,0,18.9
173,Ministry of Road Transport & Highways,Roads & Highways,Construction of 4-Laning of West Serawlg-Sairang section of NH-6 from Existing Chainage km 142000 to km 158900 Design Chainage km 123400 to km 136260 on Silchar - Vairengte - Sairang road in the State of Mizoram under Bharatmala Pariyojna on EPC mode under NHO-NE Package-8,NHIDCL,618321,,,Mizoram,02/2024,11/2025,11/2028,-,875.79,875.79,0,13.95
174,Ministry of Road Transport & Highways,Roads & Highways,Construction of Twin Tube Uni-directional Aizawl Bypass Tunnel of 2.5 km and its approaches of 2.1 km from km 10.600 to km 15.200 on Sarrang - Phaibawk section of NH-6 in the State of Mizoram on EPC Mode under NHO-NE Package-,2,NHIDCL,618323,,Mizoram,01/2024,12/2025,12/2028,-,1313.28,1313.28,0,0
175,Ministry of Road Transport & Highways,Roads & Highways,Construction of 2-lane Aizawl Bypass from km 15.200 to km 34.500 Package-3 on Sairang - Phaibawk section of NH-6 in the State of Mizoram under Bharatmala Pariyojna on EPC Mode under NHO-NE,NHIDCL,618324,,,Mizoram,02/2023,10/2025,11/2028,-,720.72,720.72,0,15.1
176,Ministry of Road Transport & Highways,Roads & Highways,Up-gradation to 2-lane with paved shoulders of Ngopa - Pawlrang section of NH 102B of Aizawl - Imphal Economic Corridor from Existing Chainage km 32.796 to km 72.030 [Design Chainage km 31.280 to km 68.170] in the State of Mizoram under Bharatmala Pariyojna on EPC mode under NHO-NE Package-2 Keifang- Tuivai Pkg-2,NHIDCL,618341,,,Mizoram,09/2021,09/2023,02/2025,06/2026,523.78,523.78,394.29,95.31
177,Ministry of Road Transport & Highways,Roads & Highways,Rehabilitation and upgradation to 2 Lane with Paved shoulder of Economic corridor of NH-6 from Design chaiange Km 0.000 to Km 13.510 Package-1 in the state of Mizoram under Bharatmala Pariyojana on EPC mode,NHIDCL,618342,,,Mizoram,03/2020,07/2020,06/2022,06/2024,206.9,206.9,0,0
178,Ministry of Road Transport & Highways,Roads & Highways,"Rehabilitation and Up gradation to 2-lane with paved shoulder of Keifang Section Economic Corridor of NH-06 from Existing Chainage Km 30050 Keifang to Km 50360 Keifang, Design Chainage Km 27400 to Km 45040 PkgIII in the State of Mizoram under Bharatmala Pariyojna on EPC Mode Seling-Dulte - III",NHIDCL,618343,,,Mizoram,03/2020,07/2020,06/2022,12/2024,292.23,292.23,0,0
179,Ministry of Road Transport & Highways,Roads & Highways,Construction of 2-laning with hard shoulder of Lunglei to Chhumkhum from Design Chainage Km 0.000 to Km 37.420 of NH-302 [Lunglei-Tlabung] Package- A,NHIDCL,618362,,,Mizoram,03/2021,06/2021,12/2022,06/2026,698.45,698.45,556.91,64.78
180,Ministry of Road Transport & Highways,Roads & Highways,Construction of 2-laning with hard shoulder configuration of Chhumkhum to Tlabung from Design Chainage Km 37.420 to Km 74.950 of NH-302 in Mizoram under Bharatmala Pariyojana on EPC mode [Pkg-B],NHIDCL,618363,,,Mizoram,06/2021,07/2021,01/2023,12/2026,740.58,740.58,430.45,61.34
181,Ministry of Road Transport & Highways,Roads & Highways,Up-gradation to 2 lane with paved shoutders of Pawlrang - Rulchawm section- of NH-102B of Aizawl - Imphal Economic Corridor from Existing Chainage km 72.030 to km 104.129 including 2.459 km re-alignment section from Tuivai River to Rulchawm connecting km 48.150 of NH-6 [Design Chainage km 68.170 to km 98.579] in the State of Mizoram under Bharatmala Pariyojna on EPC mode under NHO-NE Package-3 Keifang- Tuivai Pkg-3,NHIDCL,619010,,,Mizoram,12/2021,11/2023,05/2025,07/2025,500.88,500.88,305.45,75.35
182,Ministry of Road Transport & Highways,Roads & Highways,Widening and Up-gradation to 2- Lane with Paved Shoulder Configuration and geometric improvement from Km. 208. 000 to Km 250.000 Package-5 on Aizawl Tuipang Section of NH-54 in the State of Mizoram Package-5,NHIDCL,618379,,,Mizoram,09/2019,10/2019,04/2023,-,752.89,752.89,125.62,95.35
183,Ministry of Road Transport & Highways,Roads & Highways,"2-laning of Zorinpui - Longmasu section of NH-502A from km 0.000 to km 28.244 in the State of Mizoram on EPC mode under NHO-NE, stretch of IMBR",NHIDCL,618452,,,Mizoram,02/2023,12/2024,12/2026,07/2027,781.85,781.85,20.64,4.71
184,Ministry of Road Transport & Highways,Roads & Highways,Widening and Up-gradation to 2- Lane with Paved Shoulder Configuration and geometric improvement from Km. 166. 000 to Km 208.000 Package-4 on Aizawl Tuipang Section of NH-54 in the State of Mizoram Package-4,NHIDCL,618384,,,Mizoram,09/2019,10/2019,04/2023,04/2025,899.45,899.45,191.59,99.88
185,Ministry of Road Transport & Highways,Roads & Highways,Widening and Up-gradation to 2- Lane with Paved Shoulder Configuration and geometric improvement from Km. 125. 000 to Km 166 Package-3 on Aizawl Tuipang Section of NH-54 in the State of Mizoram Package-3,NHIDCL,618380,,,Mizoram,09/2019,10/2019,04/2023,04/2025,867.09,867.09,159.47,97.51
186,Ministry of Road Transport & Highways,Roads & Highways,Widening and up-gradation to 2-lane with paved shoulder configuration and geometric improvements from km 339.00 to km 380.00 Siaha on Aizawl-Tuipang section under JICA ODA Loan assistance Phase-I Package-8,NHIDCL,618383,,,Mizoram,09/2019,03/2020,09/2023,06/2025,637.06,637.06,101.89,99.82
187,Ministry of Road Transport & Highways,Roads & Highways,Widening and up-gradation to 2-lane with paved shoulder configuration and geometric improvements from km 298.00 to km 339.00 on Aizawl-Tuipang section under JICA ODA Loan assistance Phase-I Package-7,NHIDCL,618382,,,Mizoram,09/2019,10/2020,04/2024,05/2025,605.76,750.32,0.01,100
188,Ministry of Road Transport & Highways,Roads & Highways,Widening and up-gradation to 2-lane with paved shoulder configuration and geometric improvements from km 250.00 Lunglei to km 298.00 on Aizawl- Tuipang section under JICA ODA Loan assistance Phase-I Package-6,NHIDCL,618381,,,Mizoram,09/2019,12/2019,06/2023,05/2025,768.76,768.76,168.78,98.73
189,Ministry of Road Transport & Highways,Roads & Highways,Widening/Improvement to 4-Lane with Paved Shoulder from km 55000 Nagabang Gamsuk to km 82514 Oyan in the State of Assam and Arunachal Pradesh on EPC mode under Bharatmala Pariyojna of Length 27.514 Km Package-3,NHIDCL,618359,,,"Multi-States (Arunachal Pradesh, Assam)",03/2023,09/2024,03/2027,03/2027,665.47,665.47,295.3,96.7
190,Ministry of Road Transport & Highways,Roads & Highways,Widening to Existing single lane /intermediate lane to 2 lane from Km185.00 to Km 220.00 of NH-61 New NH-02 in the state of Nagaland.,MoRTH,618072,,,Nagaland,03/2021,07/2022,07/2024,03/2026,297.25,297.25,149.19,100
191,Ministry of Road Transport & Highways,Roads & Highways,"Construction of 2-lane with hard shoulders of Merangkong-Tamlu-Mon road Wakching Twon portion on EPC basis from existing Chainage Km 59000 to Km 73640 [Design Km. 59000 to Km, 72450] Design length - 13.450 Km under SARDP-NE package-V Balance work",NHIDCL,618422,,,Nagaland,03/2021,09/2023,09/2025,04/2026,161.73,161.73,14.12,99.5
192,Ministry of Road Transport & Highways,Roads & Highways,"Construction of 2-lane with Paved shoulder of Kohima- Bypass Road Connecting NH-39New NH-02, NH-150New NH-02, NH-61New NH-29, NH-39New NH-02 from Design Km 32.00 to Design Km 43.454Design Length-11.454 Km in the State of Nagaland under SARDP-NE on EPC Mode Package-IV",NHIDCL,618290,,,Nagaland,07/2020,10/2020,04/2022,12/2026,202.36,202.36,94.2,45.52
193,Ministry of Road Transport & Highways,Roads & Highways,"Construction of 2-lane with Paved shoulder of Kohima-Bypass Road connecting NH- 39 New NH-02, NH150New NH-02, NH7-61 New NH-29 and NH-39 New NH-02 from Design km 21.000 to km 32.268 [Design length11.268 km] in the state of Nagaland Under SARDP-NE on EPC Mode Package- 3",NHIDCL,618291,,,Nagaland,07/2020,06/2023,06/2025,12/2026,159.85,342.29,84.22,37.38
194,Ministry of Road Transport & Highways,Roads & Highways,Construction of 2-Lane with paved shoulder of Kohima-Bypass Road connecting New NH-02 and New NH-29 from Design Km 10.500 to design Km 21.000 [Design Length- 10.500 km] including TUNNEL of 500m at Ch. 11.000 in the state of Nagaland Under SARDP-NE on EPC Mode Package-2,NHIDCL,618292,,,Nagaland,07/2020,10/2020,10/2022,06/2026,277.44,277.44,192.45,69.82
195,Ministry of Road Transport & Highways,Roads & Highways,"Construction of 2-Lane with paved shoulder of Kohima-Bypass Road connecting NH-39New NH-02, NH-150New NH-02, NH-61New NH-29 and NH-39New NH-02 from design Km 0.00 to Km 10.500 in the State of Nagaland under SARDP-NE on EPC Mode Package-1 -Balance work",NHIDCL,618293,,,Nagaland,07/2020,11/2023,11/2026,11/2026,232.29,350.88,12.48,25.61
196,Ministry of Road Transport & Highways,Roads & Highways,Construction of 2-Lane with hard shoulders of Merangkong-Tamlu-Mon MTM Road from existing Km 20.456 to Km 41.065 Design Km. 20 to Km. 40.0 Design Length-20.000 Km in the State of Nagaland under SARDP-NE Phase-A Pkg-2 Balance work,NHIDCL,618423,,,Nagaland,03/2018,08/2023,08/2025,03/2026,215.79,215.79,28.64,100
197,Ministry of Road Transport & Highways,Roads & Highways,Balance work of Construction of 2-lane with hard shoulder of Kohima - Jessami road on NH-29 old NH-150 from existing km 98.380 near Chizami vill. to km120.367 Nagaland/Manipur Border [Design km 95.700 to design km 117.200] [Design Length 21.500 km] in the state of Nagaland Under Bharatmala Pariyojna on EPC Mode Package-V under NHO,NHIDCL,618296,,,Nagaland,03/2020,11/2023,11/2025,05/2026,330.8,330.8,0,93.04
198,Ministry of Road Transport & Highways,Roads & Highways,Construction of 2-lane with hard shoulder of Kohima - Jessami road on NH-29 Old NH-150 from existing Km 30.474 Near Kidwema road Chakahabama to existing Km 53.220 Near Kikruma Village Design Km 29.60 to Km 51.50 Design length-21.90 Km in the state of Nagaland Under Bharatmala Pariyojna on EPC Mode under NHO Package-II -Balance work,NHIDCL,618297,,,Nagaland,03/2020,01/2024,01/2026,12/2026,355.79,355.79,0,40.88
199,Ministry of Road Transport & Highways,Roads & Highways,Construction of Balance work for 2-lane with hard shoulder of Peren- Dimapur section on NH-129A from Design Km 126.775 to Km 146.208 Length 19.433 Km in the state of Nagaland on EPC mode under NHO-TSP Package-II,NHIDCL,618414,,,Nagaland,01/2021,09/2023,09/2025,09/2025,258.52,258.52,60.72,96.53
200,Ministry of Road Transport & Highways,Roads & Highways,Construction of 2 laning with Hard shoulder of Peren-Dimapur section on NH 129A from Design Km 146.208 to Km 163.592 Length- 17.384 km in the state of Nagaland on EPC mode under NHO-TSP Package-III,NHIDCL,618413,,,Nagaland,02/2021,06/2023,06/2025,06/2026,177.77,199.02,0,93.37
201,Ministry of Road Transport & Highways,Roads & Highways,4-Laning of Balance work of Dimapur-Kohima Road from design km 152.490 to km 166.700 Existing km 156.000 to km 172.900 Excluding Dimapur & Kohima Bypass under SARDP-NE Package-III,NHIDCL,618328,,,Nagaland,03/2016,09/2023,09/2025,-,562.98,794.75,119.71,82.59
202,Ministry of Road Transport & Highways,Roads & Highways,Construction of 4/6 Laning from Km 132.375 to Km 153.058 Total New Alignment length of 20.683 Km of Daboka-Dimapur Section Dimapur Bypass Nagaland Portion of NH-36 & 39 in the State of Nagaland on EPC basis under PhaseA of SARDP-NE,NHIDCL,618329,,,Nagaland,02/2017,09/2017,09/2020,02/2023,819.39,819.39,0,0
203,Ministry of Road Transport & Highways,Roads & Highways,Widening of existing Single lane / Intermediate lane road to 2 lane from Km 101 to Km 125 of NH 61,MoRTH,617886,,,Nagaland,06/2020,06/2024,06/2026,12/2026,252.2,252.2,0,44.46
204,Ministry of Road Transport & Highways,Roads & Highways,Widening of existing single lane to intermediate lane road from Mokokchung to Chare via Dikhu in the state of Nagaland on EPC mode,MoRTH,618002,,,Nagaland,02/2021,06/2023,06/2025,-,192.93,192.93,99.65,0
205,Ministry of Road Transport & Highways,Roads & Highways,"Widening to 2 Lane with Hard shoulder of Akegwo-Avangkhu section of NH-202K for Package-I Design Chainage 0000 Km to 34795 Km, in the State of Nagaland on EPC mode under NH O-NE",NHIDCL,618364,,,Nagaland,12/2022,08/2023,02/2026,02/2026,430.24,430.24,0,87
206,Ministry of Road Transport & Highways,Roads & Highways,Widening to 2 Lane with Hard shoulder of Akegwo-Avangkhu section of NH-202K for Package-III Design Chainage 69875 Km to 106816 Km in the State of Nagaland on EPC mode under NHO-NE,NHIDCL,618365,,,Nagaland,12/2022,08/2023,02/2026,02/2026,497.18,497.18,0,85.67
207,Ministry of Road Transport & Highways,Roads & Highways,Widening to 2 Lane with Hard shoulder of Akegwo-Avangkhu section of NH-202K for Package-II Design Chainage 34795 Km to 69875 Km in the State of Nagaland on EPC mode under NHO-NE,NHIDCL,618366,,,Nagaland,12/2022,08/2023,02/2026,02/2026,442.54,442.54,0,54.66
208,Ministry of Road Transport & Highways,Roads & Highways,Construction of 2-Lane with hard shoulders of Merangkong-Tamlu-Mon Road on EPC Basis from existing road Km. 76.640 to Km 98.065 Design chainage Km. 63.800 to Km. 86.835 Design Length-23.035 Km in the state of Nagaland under SARDP-NE PKG-IV Balance work,NHIDCL,619059,,,Nagaland,03/2018,09/2023,09/2025,12/2026,323.98,323.98,70.46,75.05
209,Ministry of Road Transport & Highways,Roads & Highways,Construction & Upgradation of existing road to 2-lane with paved shoulder from New Rolep Bridge at km 37.600 to Chochenpheri at km 52.00 in the section of Rongli to Chochenpheri of NH 717B Pkg-II C,NHIDCL,618446,,,Sikkim,10/2020,05/2021,05/2024,06/2026,493.42,478.79,0,77.07
210,Ministry of Road Transport & Highways,Roads & Highways,Realignment of NH-717A from Design Ch.0.00 Km 77.800 of NH-10 to Design Ch.2.00 Km 3.100 of NH-717A with two lane paved shoulder including Major Bridge of 680 m in the State of Sikkim on EPC Mode-COS work,NHIDCL,618428,,,Sikkim,01/2021,04/2021,04/2023,05/2026,264.84,380.94,61.11,97.57
211,Ministry of Road Transport & Highways,Roads & Highways,Construction/Up gradation of Existing road to 2 Lane with Paved Shoulder including Geometric Improvement from Ranipool to Pakyong Balance work from Km 2.000 to 16.167 of NH-717-A on EPC basis under SARDP-NE Phase A in the State of Sikkim,NHIDCL,618426,,,Sikkim,03/2018,01/2023,07/2024,12/2026,264.84,380.94,0,85.15
212,Ministry of Road Transport & Highways,Roads & Highways,Construction of 2-Laning with Paved Shoulder of New Greenfield Alignment From Helipad near Menla at Km 82000 to Menla at Km 94030 of Rhenock-Menla Spur NH-717B Package-IIIB on EPC Basis under SARDP-NE Phase 'A' in the State of Sikkim.,NHIDCL,618447,,,Sikkim,01/2021,02/2021,02/2024,05/2026,410.6,379.3,0,81.83
213,Ministry of Road Transport & Highways,Roads & Highways,Construction of 2-Laning with Paved Shoulder of New Greenfield Alignment From Chochenpheri at Km 52000 to Helipad near Menla at Km 82000 of Rhenock- Menla Spur NH-717B Package-IIIA on EPC Basis under SARDP-NE Phase 'A' in the State of Sikkim.,NHIDCL,618448,,,Sikkim,10/2020,12/2020,12/2023,10/2026,816.79,786.6,32.28,60.88
214,Ministry of Road Transport & Highways,Roads & Highways,Construction & Upgradation of existing road to 2-lane with paved shoulder from km27.200 End of Rongli bypass to km37.600New Rolep Bridge of Rhenok-Menla spur NH-717B on EPC Mode under SARDP-NE Phase-A in Sikkim Pkg-II B,NHIDCL,618449,,,Sikkim,07/2020,10/2020,04/2023,09/2026,230.45,244.91,0,80.46
215,Ministry of Road Transport & Highways,Roads & Highways,Rehabilitation & Upgradation of existing road to 2-lane with paved shoulder including geometric improvement of section from start of Rabangla km33.600 to km58.840 under SARDP-NE Phase A Pkg- IV,NHIDCL,618450,,,Sikkim,07/2020,10/2020,05/2022,06/2026,292.8,292.8,1.91,65.1
216,Ministry of Road Transport & Highways,Roads & Highways,Construction of two lane with paved shoulder Gangtok Bypass Road from Ranipool to Burtuk Ch 0.00 Km to 23.316 L23.316 Km in the State of Sikkim,MoRTH,618071,,,Sikkim,10/2021,05/2022,05/2024,06/2026,385.15,342.89,0,90
217,Ministry of Road Transport & Highways,Roads & Highways,Improvement & widening of existing NH-08 to 4-lane with Paved Shoulder from Champak Nagar to Khayerpur section design Km 242500 to Km 261610 in the state of Tripura on EPC basis under NHO-NE,NHIDCL,618350,,,Tripura,12/2023,09/2024,09/2026,03/2027,920.66,920.66,0,43.8
218,Ministry of Road Transport & Highways,Roads & Highways,Rehabilitation and up-gradation of road from design km 25.250 to km 36.460 Total lengh 11.210 km of Kailashahar-Kurti Bridge section on NH-208A to 2-lane with paved shoulder on EPC basis under NHO Package-III- Balance Work,NHIDCL,618385,,,Tripura,02/2020,09/2024,03/2026,03/2026,174.43,174.43,0,41.9
219,Ministry of Road Transport & Highways,Roads & Highways,Rehabilitation & Upgradation of Road from Km 0.00 to Km 18.600 Total length- 18.600 km of Kumarghat-Kailashahar section on NH-208 to 2-lane with Paved shoulder on EPC bais under NHO,NHIDCL,618386,,,Tripura,02/2020,07/2020,01/2022,10/2024,277.5,302.03,0,0
220,Ministry of Road Transport & Highways,Roads & Highways,Melaghar-Srimantapur section on NH-08 Spur from Km 23 to Km 34.500 11.5 Km and overlay from Km 20.30 to Km 22.00 1.7 Km Total Length 13.2 Km,NHIDCL,618411,,,Tripura,01/2023,05/2023,11/2024,06/2026,195.95,195.95,86.26,69.78
221,Ministry of Road Transport & Highways,Roads & Highways,"Construction of 4-Lane with paved shoulder Agartala bypass Western side, length 25.402 km connecting NH-8 near Amtali to NH-108B near Lembuchhera in the state of Tripura on EPC basis under NHO-NE",NHIDCL,618417,,,Tripura,03/2023,03/2024,03/2027,03/2027,2026.05,2026.05,292.55,9.2
222,Ministry of Road Transport & Highways,Roads & Highways,Improvement and Widening to 2-lane with paved shoulder of road from design Km 72.000 Pati Chhari to design Km 107.654 Harina Total length 35.654 Km on Teliamura to Harina section of NH 208 in the state of Tripura on EPC mode under JICA ODA Loan Phase VI Package-4,NHIDCL,618367,,,Tripura,01/2024,12/2024,12/2026,12/2026,726.9,726.9,194.74,8.65
223,Ministry of Road Transport & Highways,Roads & Highways,Improvement and Widening to 2-lane with paved shoulder of road from design Km 36.000 Rangamati to design Km 72.000 Pati Chhari Total length 36.000 Km on Teliamura to Harina section of NH 208 in the state of Tripura on EPC mode under JICA ODA Loan Phase VI Package-3,NHIDCL,618368,,,Tripura,01/2024,09/2024,09/2026,09/2026,670.9,670.9,0,14
224,Ministry of Road Transport & Highways,Roads & Highways,Improvement and Widening to 2-lane with paved shoulder of road from existing Km 438.170 Khowai Chowmuhani to existing Km 439.410 South Pulinpur of NH- 08 and from design Km 0.000 South Pulinpur to design Km 36.00 near Rangamati of NH 208 on Khowai Teliamura- Harina section Total length 37.24 in the state of Tripura on EPC mode under JICA ODA Loan Phase VI Package-2,NHIDCL,618369,,,Tripura,01/2024,09/2024,09/2026,09/2026,657.21,657.21,0,57.95
225,Ministry of Road Transport & Highways,Roads & Highways,Improvement and Widening to 2-lane with paved shoulder of road from Km 101.300 to km 127.319 Total Length 26.019 Km i.e. the Khowai Teliamura- Amarpur-Harina-Sabroom section of NH 208 in the state of Tripura on EPC under JICA ODA Loan Phase VI Package-1,NHIDCL,618370,,,Tripura,01/2024,07/2024,07/2026,12/2026,431.78,431.78,0,58.12
226,Department of Telecommunications,Telecommunication,Provision of 4G based Mobile Services in Uncovered Villages and National Highways of Meghalaya,Department of Telecommunications,701598,,,Meghalaya,09/2019,09/2020,03/2022,06/2026,971.96,971.96,232.79,99.84
227,Department of Telecommunications,Telecommunication,Provision of 4G Mobile Services in Uncovered Villages of Arunachal Pradesh and 2 Districts of Assam,Department of Telecommunications,701597,,,"Multi-States (Assam, Arunachal Pradesh)",12/2020,10/2021,04/2023,03/2026,1255.49,1255.49,332.43,99.43
228,"Department of Water Resources, River Development & GR",Water Resources,Borolia Irrigation Project,"Department of Water Resources, River Development & GR",701370,,,Assam,04/1996,12/1996,12/2022,03/2026,256.16,256.16,44.7,55.44
229,"Department of Water Resources, River Development & GR",Water Resources,Thoubal Multipurpose Project,Water Resources Department-MN,701400,,,Manipur,04/1997,04/1997,12/2019,03/2026,1449.44,1822.24,1837.91,98.9
